INSERT INTO osyl2_template(TEMPLATE_ID,TITLE,DESCRIPTION,ACTIVE)VALUES(1,'BAC_HEC Montreal','Template de plans de cours du baccalaureat','1');
INSERT INTO osyl2_template(TEMPLATE_ID,TITLE,DESCRIPTION,ACTIVE)VALUES(2,'MBA_HEC Montreal','Template de plans de cours du MBA','1');
INSERT INTO osyl2_template(TEMPLATE_ID,TITLE,DESCRIPTION,ACTIVE)VALUES(3,'FCD_HEC Montreal','Template de plans de cours du FCD','0');

--need to add a is_composite column?
INSERT INTO osyl2_templateelementtype(ELEMENTTYPE_ID,TITLE,DESCRIPTION) VALUES (1,'COMPOSITE','Un meta_element type contenant d''autres');
INSERT INTO osyl2_templateelementtype(ELEMENTTYPE_ID,TITLE,DESCRIPTION) VALUES (2,'TEXT','Contenant de texte');
INSERT INTO osyl2_templateelementtype(ELEMENTTYPE_ID,TITLE,DESCRIPTION) VALUES (3,'DOCUMENT','Contenant de document');
INSERT INTO osyl2_templateelementtype(ELEMENTTYPE_ID,TITLE,DESCRIPTION) VALUES (4,'URL','Contenant d''url');
INSERT INTO osyl2_templateelementtype(ELEMENTTYPE_ID,TITLE,DESCRIPTION) VALUES (5,'REF_BIBLIO','Contenant de reference bibliographique');
INSERT INTO osyl2_templateelementtype(ELEMENTTYPE_ID,TITLE,DESCRIPTION) VALUES (6,'CONTACT_INFO','Contenant de contact d''information');
INSERT INTO osyl2_templateelementtype(ELEMENTTYPE_ID,TITLE,DESCRIPTION) VALUES (7,'SAKAI_ENTITY','Contenant d''entite Sakai');
INSERT INTO osyl2_templateelementtype(ELEMENTTYPE_ID,TITLE,DESCRIPTION) VALUES (8,'EVALUATION','Evaluation');
INSERT INTO osyl2_templateelementtype(ELEMENTTYPE_ID,TITLE,DESCRIPTION) VALUES (9,'LECTURE','Seance de cours');
INSERT INTO osyl2_templateelementtype(ELEMENTTYPE_ID,TITLE,DESCRIPTION) VALUES (10,'TUTORIAL','Travaux pratiques');
INSERT INTO osyl2_templateelementtype(ELEMENTTYPE_ID,TITLE,DESCRIPTION) VALUES (11,'IMAGE','Pour ajouter une image');
INSERT INTO osyl2_templateelementtype(ELEMENTTYPE_ID,TITLE,DESCRIPTION) VALUES (12,'VIDEO','Pour ajouter un video imbriqué');

INSERT INTO OSYL2_TEMPLATEELEMENT(TEMPLATEELEMENT_ID, ELEMENTTYPE_ID, DEFAULT_LABEL) VALUES (1, 1, 'Presentation');
INSERT INTO OSYL2_TEMPLATEELEMENT(TEMPLATEELEMENT_ID, ELEMENTTYPE_ID, DEFAULT_LABEL) VALUES (2, 2, 'Text');
INSERT INTO OSYL2_TEMPLATEELEMENT(TEMPLATEELEMENT_ID, ELEMENTTYPE_ID, DEFAULT_LABEL) VALUES (3, 3, 'Document');
INSERT INTO OSYL2_TEMPLATEELEMENT(TEMPLATEELEMENT_ID, ELEMENTTYPE_ID, DEFAULT_LABEL) VALUES (4, 4, 'Hyperlink');
INSERT INTO OSYL2_TEMPLATEELEMENT(TEMPLATEELEMENT_ID, ELEMENTTYPE_ID, DEFAULT_LABEL) VALUES (5, 1, 'Contact Information');
INSERT INTO OSYL2_TEMPLATEELEMENT(TEMPLATEELEMENT_ID, ELEMENTTYPE_ID, DEFAULT_LABEL) VALUES (6, 6, 'Contact Information');
INSERT INTO OSYL2_TEMPLATEELEMENT(TEMPLATEELEMENT_ID, ELEMENTTYPE_ID, DEFAULT_LABEL) VALUES (7, 1, 'Learning Material');
INSERT INTO OSYL2_TEMPLATEELEMENT(TEMPLATEELEMENT_ID, ELEMENTTYPE_ID, DEFAULT_LABEL) VALUES (8, 5, 'Citation');
INSERT INTO OSYL2_TEMPLATEELEMENT(TEMPLATEELEMENT_ID, ELEMENTTYPE_ID, DEFAULT_LABEL) VALUES (9, 1, 'Evaluations');
INSERT INTO OSYL2_TEMPLATEELEMENT(TEMPLATEELEMENT_ID, ELEMENTTYPE_ID, DEFAULT_LABEL) VALUES (10, 8, 'Evaluation');
INSERT INTO OSYL2_TEMPLATEELEMENT(TEMPLATEELEMENT_ID, ELEMENTTYPE_ID, DEFAULT_LABEL) VALUES (11, 1, 'Course Organisation');
INSERT INTO OSYL2_TEMPLATEELEMENT(TEMPLATEELEMENT_ID, ELEMENTTYPE_ID, DEFAULT_LABEL) VALUES (12, 9, 'Lecture');
INSERT INTO OSYL2_TEMPLATEELEMENT(TEMPLATEELEMENT_ID, ELEMENTTYPE_ID, DEFAULT_LABEL) VALUES (13, 10, 'Tutorial');
INSERT INTO OSYL2_TEMPLATEELEMENT(TEMPLATEELEMENT_ID, ELEMENTTYPE_ID, DEFAULT_LABEL) VALUES (14, 1, 'Cluster');
INSERT INTO OSYL2_TEMPLATEELEMENT(TEMPLATEELEMENT_ID, ELEMENTTYPE_ID, DEFAULT_LABEL) VALUES (15, 7, 'Sakai Entity');
INSERT INTO OSYL2_TEMPLATEELEMENT(TEMPLATEELEMENT_ID, ELEMENTTYPE_ID, DEFAULT_LABEL) VALUES (16, 11, 'Image');
INSERT INTO OSYL2_TEMPLATEELEMENT(TEMPLATEELEMENT_ID, ELEMENTTYPE_ID, DEFAULT_LABEL) VALUES (17, 12, 'Video');

Insert into OSYL2_TEMPLATESTRUCTURE (TEMPLATESTRUCTURE_ID,MANDATORY,DISPLAY_ORDER,TEMPLATE_ID,PARENT_ID,TEMPLATEELEMENT_ID) values (1,null,null,1,null,1);   -- Presentation du cours
Insert into OSYL2_TEMPLATESTRUCTURE (TEMPLATESTRUCTURE_ID,MANDATORY,DISPLAY_ORDER,TEMPLATE_ID,PARENT_ID,TEMPLATEELEMENT_ID) values (2,null,null,null,1,2);   --    Texte 
Insert into OSYL2_TEMPLATESTRUCTURE (TEMPLATESTRUCTURE_ID,MANDATORY,DISPLAY_ORDER,TEMPLATE_ID,PARENT_ID,TEMPLATEELEMENT_ID) values (3,null,null,null,1,3);   --    Document
Insert into OSYL2_TEMPLATESTRUCTURE (TEMPLATESTRUCTURE_ID,MANDATORY,DISPLAY_ORDER,TEMPLATE_ID,PARENT_ID,TEMPLATEELEMENT_ID) values (4,null,null,null,1,4);   --    Hyperlien
Insert into OSYL2_TEMPLATESTRUCTURE (TEMPLATESTRUCTURE_ID,MANDATORY,DISPLAY_ORDER,TEMPLATE_ID,PARENT_ID,TEMPLATEELEMENT_ID) values (5,null,null,1,null,5);   -- Coordonnées
Insert into OSYL2_TEMPLATESTRUCTURE (TEMPLATESTRUCTURE_ID,MANDATORY,DISPLAY_ORDER,TEMPLATE_ID,PARENT_ID,TEMPLATEELEMENT_ID) values (6,null,null,null,5,6);   --    Coordonnée
Insert into OSYL2_TEMPLATESTRUCTURE (TEMPLATESTRUCTURE_ID,MANDATORY,DISPLAY_ORDER,TEMPLATE_ID,PARENT_ID,TEMPLATEELEMENT_ID) values (7,null,null,1,null,7);   -- Matériel Pédagogique
Insert into OSYL2_TEMPLATESTRUCTURE (TEMPLATESTRUCTURE_ID,MANDATORY,DISPLAY_ORDER,TEMPLATE_ID,PARENT_ID,TEMPLATEELEMENT_ID) values (8,null,null,null,7,2);   --    Texte
Insert into OSYL2_TEMPLATESTRUCTURE (TEMPLATESTRUCTURE_ID,MANDATORY,DISPLAY_ORDER,TEMPLATE_ID,PARENT_ID,TEMPLATEELEMENT_ID) values (9,null,null,null,7,3);   --    Document
Insert into OSYL2_TEMPLATESTRUCTURE (TEMPLATESTRUCTURE_ID,MANDATORY,DISPLAY_ORDER,TEMPLATE_ID,PARENT_ID,TEMPLATEELEMENT_ID) values (10,null,null,null,7,4);  --    Hyperlien
Insert into OSYL2_TEMPLATESTRUCTURE (TEMPLATESTRUCTURE_ID,MANDATORY,DISPLAY_ORDER,TEMPLATE_ID,PARENT_ID,TEMPLATEELEMENT_ID) values (11,null,null,null,7,8);  --    Référence bibliographique
Insert into OSYL2_TEMPLATESTRUCTURE (TEMPLATESTRUCTURE_ID,MANDATORY,DISPLAY_ORDER,TEMPLATE_ID,PARENT_ID,TEMPLATEELEMENT_ID) values (35,null,null,null,7,16);  --    Image
Insert into OSYL2_TEMPLATESTRUCTURE (TEMPLATESTRUCTURE_ID,MANDATORY,DISPLAY_ORDER,TEMPLATE_ID,PARENT_ID,TEMPLATEELEMENT_ID) values (36,null,null,null,7,17);  --    Video
Insert into OSYL2_TEMPLATESTRUCTURE (TEMPLATESTRUCTURE_ID,MANDATORY,DISPLAY_ORDER,TEMPLATE_ID,PARENT_ID,TEMPLATEELEMENT_ID) values (12,null,null,1,null,9);  -- Évaluations
Insert into OSYL2_TEMPLATESTRUCTURE (TEMPLATESTRUCTURE_ID,MANDATORY,DISPLAY_ORDER,TEMPLATE_ID,PARENT_ID,TEMPLATEELEMENT_ID) values (13,null,null,null,12,10); --    Évaluation
Insert into OSYL2_TEMPLATESTRUCTURE (TEMPLATESTRUCTURE_ID,MANDATORY,DISPLAY_ORDER,TEMPLATE_ID,PARENT_ID,TEMPLATEELEMENT_ID) values (14,null,null,1,null,11);  -- Organisation du cours
Insert into OSYL2_TEMPLATESTRUCTURE (TEMPLATESTRUCTURE_ID,MANDATORY,DISPLAY_ORDER,TEMPLATE_ID,PARENT_ID,TEMPLATEELEMENT_ID) values (15,null,null,null,14,12); --     Séance de cours
Insert into OSYL2_TEMPLATESTRUCTURE (TEMPLATESTRUCTURE_ID,MANDATORY,DISPLAY_ORDER,TEMPLATE_ID,PARENT_ID,TEMPLATEELEMENT_ID) values (16,null,null,null,14,13);--     Séance de TP
Insert into OSYL2_TEMPLATESTRUCTURE (TEMPLATESTRUCTURE_ID,MANDATORY,DISPLAY_ORDER,TEMPLATE_ID,PARENT_ID,TEMPLATEELEMENT_ID) values (17,null,null,null,14,14); --     Regroupement
Insert into OSYL2_TEMPLATESTRUCTURE (TEMPLATESTRUCTURE_ID,MANDATORY,DISPLAY_ORDER,TEMPLATE_ID,PARENT_ID,TEMPLATEELEMENT_ID) values (18,null,null,null,13,2); -- Évaluation/Texte
Insert into OSYL2_TEMPLATESTRUCTURE (TEMPLATESTRUCTURE_ID,MANDATORY,DISPLAY_ORDER,TEMPLATE_ID,PARENT_ID,TEMPLATEELEMENT_ID) values (19,null,null,null,13,3); -- Évaluation/Document
Insert into OSYL2_TEMPLATESTRUCTURE (TEMPLATESTRUCTURE_ID,MANDATORY,DISPLAY_ORDER,TEMPLATE_ID,PARENT_ID,TEMPLATEELEMENT_ID) values (20,null,null,null,13,4); -- Évaluation/Hyperlien
Insert into OSYL2_TEMPLATESTRUCTURE (TEMPLATESTRUCTURE_ID,MANDATORY,DISPLAY_ORDER,TEMPLATE_ID,PARENT_ID,TEMPLATEELEMENT_ID) values (21,null,null,null,13,8); -- Évaluation/Référence Biblio
Insert into OSYL2_TEMPLATESTRUCTURE (TEMPLATESTRUCTURE_ID,MANDATORY,DISPLAY_ORDER,TEMPLATE_ID,PARENT_ID,TEMPLATEELEMENT_ID) values (22,null,null,null,13,15); -- Évaluation/Entité Sakai
Insert into OSYL2_TEMPLATESTRUCTURE (TEMPLATESTRUCTURE_ID,MANDATORY,DISPLAY_ORDER,TEMPLATE_ID,PARENT_ID,TEMPLATEELEMENT_ID) values (23,null,null,null,15,2); -- Séance de cours/Texte
Insert into OSYL2_TEMPLATESTRUCTURE (TEMPLATESTRUCTURE_ID,MANDATORY,DISPLAY_ORDER,TEMPLATE_ID,PARENT_ID,TEMPLATEELEMENT_ID) values (24,null,null,null,15,3); -- Séance de cours/Document
Insert into OSYL2_TEMPLATESTRUCTURE (TEMPLATESTRUCTURE_ID,MANDATORY,DISPLAY_ORDER,TEMPLATE_ID,PARENT_ID,TEMPLATEELEMENT_ID) values (25,null,null,null,15,4); -- Séance de cours/Hyperlien
Insert into OSYL2_TEMPLATESTRUCTURE (TEMPLATESTRUCTURE_ID,MANDATORY,DISPLAY_ORDER,TEMPLATE_ID,PARENT_ID,TEMPLATEELEMENT_ID) values (26,null,null,null,15,8); -- Séance de cours/Référence Biblio
Insert into OSYL2_TEMPLATESTRUCTURE (TEMPLATESTRUCTURE_ID,MANDATORY,DISPLAY_ORDER,TEMPLATE_ID,PARENT_ID,TEMPLATEELEMENT_ID) values (27,null,null,null,15,15); -- Séance de cours/Entité Sakai
Insert into OSYL2_TEMPLATESTRUCTURE (TEMPLATESTRUCTURE_ID,MANDATORY,DISPLAY_ORDER,TEMPLATE_ID,PARENT_ID,TEMPLATEELEMENT_ID) values (28,null,null,null,16,2); -- Séance de TP/Texte
Insert into OSYL2_TEMPLATESTRUCTURE (TEMPLATESTRUCTURE_ID,MANDATORY,DISPLAY_ORDER,TEMPLATE_ID,PARENT_ID,TEMPLATEELEMENT_ID) values (29,null,null,null,16,3); -- Séance de TP/Document
Insert into OSYL2_TEMPLATESTRUCTURE (TEMPLATESTRUCTURE_ID,MANDATORY,DISPLAY_ORDER,TEMPLATE_ID,PARENT_ID,TEMPLATEELEMENT_ID) values (30,null,null,null,16,4); -- Séance de TP/Hyperlien
Insert into OSYL2_TEMPLATESTRUCTURE (TEMPLATESTRUCTURE_ID,MANDATORY,DISPLAY_ORDER,TEMPLATE_ID,PARENT_ID,TEMPLATEELEMENT_ID) values (31,null,null,null,16,8); -- Séance de TP/Référence Biblio
Insert into OSYL2_TEMPLATESTRUCTURE (TEMPLATESTRUCTURE_ID,MANDATORY,DISPLAY_ORDER,TEMPLATE_ID,PARENT_ID,TEMPLATEELEMENT_ID) values (32,null,null,null,16,15); -- Séance de TP/Entité Sakai
Insert into OSYL2_TEMPLATESTRUCTURE (TEMPLATESTRUCTURE_ID,MANDATORY,DISPLAY_ORDER,TEMPLATE_ID,PARENT_ID,TEMPLATEELEMENT_ID) values (33,null,null,null,17,12); -- Regroupement/Séance de cours
Insert into OSYL2_TEMPLATESTRUCTURE (TEMPLATESTRUCTURE_ID,MANDATORY,DISPLAY_ORDER,TEMPLATE_ID,PARENT_ID,TEMPLATEELEMENT_ID) values (34,null,null,null,17,13);-- Regroupement/Séance de TP

Insert into OSYL2_RUBRIC (RUBRIC_ID,LABEL) values (1,'Description');
Insert into OSYL2_RUBRIC (RUBRIC_ID,LABEL) values (2,'Objectifs');
Insert into OSYL2_RUBRIC (RUBRIC_ID,LABEL) values (3,'Approche pédagogique');
Insert into OSYL2_RUBRIC (RUBRIC_ID,LABEL) values (4,'Coordonnateur');
Insert into OSYL2_RUBRIC (RUBRIC_ID,LABEL) values (5,'Enseignant(s)');
Insert into OSYL2_RUBRIC (RUBRIC_ID,LABEL) values (6,'Stagiaire(s) d''enseignement');
Insert into OSYL2_RUBRIC (RUBRIC_ID,LABEL) values (7,'Conférencier(s)');
Insert into OSYL2_RUBRIC (RUBRIC_ID,LABEL) values (8,'Secrétaire(s)');
Insert into OSYL2_RUBRIC (RUBRIC_ID,LABEL) values (9,'Ressources bibliographiques');
Insert into OSYL2_RUBRIC (RUBRIC_ID,LABEL) values (10,'Ressources bibliographiques complémentaires');
Insert into OSYL2_RUBRIC (RUBRIC_ID,LABEL) values (11,'Ressources générales');
Insert into OSYL2_RUBRIC (RUBRIC_ID,LABEL) values (12,'Cas');
Insert into OSYL2_RUBRIC (RUBRIC_ID,LABEL) values (13,'Outils');
Insert into OSYL2_RUBRIC (RUBRIC_ID,LABEL) values (14,'Anciens examens');
Insert into OSYL2_RUBRIC (RUBRIC_ID,LABEL) values (15,'Critères d''évaluation');
Insert into OSYL2_RUBRIC (RUBRIC_ID,LABEL) values (16,'Préparation à l''évaluation');
Insert into OSYL2_RUBRIC (RUBRIC_ID,LABEL) values (17,'Modalités de remise et pénalités');
Insert into OSYL2_RUBRIC (RUBRIC_ID,LABEL) values (18,'Activités/Ressources avant la séance');
Insert into OSYL2_RUBRIC (RUBRIC_ID,LABEL) values (19,'Activités/Ressources pendant la séance');
Insert into OSYL2_RUBRIC (RUBRIC_ID,LABEL) values (20,'Activités/Ressources après la séance');

Insert into OSYL2_TEMPLATESTRUCTURE_RUBRIC (TEMPLATESTRUCTURE_ID,RUBRIC_ID) values (1,1);
Insert into OSYL2_TEMPLATESTRUCTURE_RUBRIC (TEMPLATESTRUCTURE_ID,RUBRIC_ID) values (1,2);
Insert into OSYL2_TEMPLATESTRUCTURE_RUBRIC (TEMPLATESTRUCTURE_ID,RUBRIC_ID) values (1,3);
Insert into OSYL2_TEMPLATESTRUCTURE_RUBRIC (TEMPLATESTRUCTURE_ID,RUBRIC_ID) values (5,4);
Insert into OSYL2_TEMPLATESTRUCTURE_RUBRIC (TEMPLATESTRUCTURE_ID,RUBRIC_ID) values (5,5);
Insert into OSYL2_TEMPLATESTRUCTURE_RUBRIC (TEMPLATESTRUCTURE_ID,RUBRIC_ID) values (5,6);
Insert into OSYL2_TEMPLATESTRUCTURE_RUBRIC (TEMPLATESTRUCTURE_ID,RUBRIC_ID) values (5,7);
Insert into OSYL2_TEMPLATESTRUCTURE_RUBRIC (TEMPLATESTRUCTURE_ID,RUBRIC_ID) values (5,8);
Insert into OSYL2_TEMPLATESTRUCTURE_RUBRIC (TEMPLATESTRUCTURE_ID,RUBRIC_ID) values (7,9);
Insert into OSYL2_TEMPLATESTRUCTURE_RUBRIC (TEMPLATESTRUCTURE_ID,RUBRIC_ID) values (7,10);
Insert into OSYL2_TEMPLATESTRUCTURE_RUBRIC (TEMPLATESTRUCTURE_ID,RUBRIC_ID) values (7,11);
Insert into OSYL2_TEMPLATESTRUCTURE_RUBRIC (TEMPLATESTRUCTURE_ID,RUBRIC_ID) values (7,12);
Insert into OSYL2_TEMPLATESTRUCTURE_RUBRIC (TEMPLATESTRUCTURE_ID,RUBRIC_ID) values (7,13);
Insert into OSYL2_TEMPLATESTRUCTURE_RUBRIC (TEMPLATESTRUCTURE_ID,RUBRIC_ID) values (7,14);
Insert into OSYL2_TEMPLATESTRUCTURE_RUBRIC (TEMPLATESTRUCTURE_ID,RUBRIC_ID) values (13,1);
Insert into OSYL2_TEMPLATESTRUCTURE_RUBRIC (TEMPLATESTRUCTURE_ID,RUBRIC_ID) values (13,2);
Insert into OSYL2_TEMPLATESTRUCTURE_RUBRIC (TEMPLATESTRUCTURE_ID,RUBRIC_ID) values (13,11);
Insert into OSYL2_TEMPLATESTRUCTURE_RUBRIC (TEMPLATESTRUCTURE_ID,RUBRIC_ID) values (13,15);
Insert into OSYL2_TEMPLATESTRUCTURE_RUBRIC (TEMPLATESTRUCTURE_ID,RUBRIC_ID) values (13,16);
Insert into OSYL2_TEMPLATESTRUCTURE_RUBRIC (TEMPLATESTRUCTURE_ID,RUBRIC_ID) values (13,17);
Insert into OSYL2_TEMPLATESTRUCTURE_RUBRIC (TEMPLATESTRUCTURE_ID,RUBRIC_ID) values (15,1);
Insert into OSYL2_TEMPLATESTRUCTURE_RUBRIC (TEMPLATESTRUCTURE_ID,RUBRIC_ID) values (15,2);
Insert into OSYL2_TEMPLATESTRUCTURE_RUBRIC (TEMPLATESTRUCTURE_ID,RUBRIC_ID) values (15,11);
Insert into OSYL2_TEMPLATESTRUCTURE_RUBRIC (TEMPLATESTRUCTURE_ID,RUBRIC_ID) values (15,18);
Insert into OSYL2_TEMPLATESTRUCTURE_RUBRIC (TEMPLATESTRUCTURE_ID,RUBRIC_ID) values (15,19);
Insert into OSYL2_TEMPLATESTRUCTURE_RUBRIC (TEMPLATESTRUCTURE_ID,RUBRIC_ID) values (15,20);
Insert into OSYL2_TEMPLATESTRUCTURE_RUBRIC (TEMPLATESTRUCTURE_ID,RUBRIC_ID) values (16,1);
Insert into OSYL2_TEMPLATESTRUCTURE_RUBRIC (TEMPLATESTRUCTURE_ID,RUBRIC_ID) values (16,2);
Insert into OSYL2_TEMPLATESTRUCTURE_RUBRIC (TEMPLATESTRUCTURE_ID,RUBRIC_ID) values (16,11);
Insert into OSYL2_TEMPLATESTRUCTURE_RUBRIC (TEMPLATESTRUCTURE_ID,RUBRIC_ID) values (16,18);
Insert into OSYL2_TEMPLATESTRUCTURE_RUBRIC (TEMPLATESTRUCTURE_ID,RUBRIC_ID) values (16,19);
Insert into OSYL2_TEMPLATESTRUCTURE_RUBRIC (TEMPLATESTRUCTURE_ID,RUBRIC_ID) values (16,20);