INSERT INTO osyl2_meta_element(META_ELEMENT_ID,META_ELEMENT_TYPE_ID,DEFAULT_LABEL) VALUES ('1','1','Présentation du cours');
INSERT INTO osyl2_meta_element(META_ELEMENT_ID,META_ELEMENT_TYPE_ID,DEFAULT_LABEL) VALUES ('2','2','Texte');
INSERT INTO osyl2_meta_element(META_ELEMENT_ID,META_ELEMENT_TYPE_ID,DEFAULT_LABEL) VALUES ('3','3','Document');
INSERT INTO osyl2_meta_element(META_ELEMENT_ID,META_ELEMENT_TYPE_ID,DEFAULT_LABEL) VALUES ('4','4','Url');
INSERT INTO osyl2_meta_element(META_ELEMENT_ID,META_ELEMENT_TYPE_ID,DEFAULT_LABEL) VALUES ('5','1','Coordonnées');
INSERT INTO osyl2_meta_element(META_ELEMENT_ID,META_ELEMENT_TYPE_ID,DEFAULT_LABEL) VALUES ('6','6','Coordonnée');
INSERT INTO osyl2_meta_element(META_ELEMENT_ID,META_ELEMENT_TYPE_ID,DEFAULT_LABEL) VALUES ('7','1','Matériel pédagogique');
INSERT INTO osyl2_meta_element(META_ELEMENT_ID,META_ELEMENT_TYPE_ID,DEFAULT_LABEL) VALUES ('8','5','Référence bibliograpgique');
INSERT INTO osyl2_meta_element(META_ELEMENT_ID,META_ELEMENT_TYPE_ID,DEFAULT_LABEL) VALUES ('9','1','Évaluations');
INSERT INTO osyl2_meta_element(META_ELEMENT_ID,META_ELEMENT_TYPE_ID,DEFAULT_LABEL) VALUES ('10','1','Évaluation');
INSERT INTO osyl2_meta_element(META_ELEMENT_ID,META_ELEMENT_TYPE_ID,DEFAULT_LABEL) VALUES ('11','7','Entité');
INSERT INTO osyl2_meta_element(META_ELEMENT_ID,META_ELEMENT_TYPE_ID,DEFAULT_LABEL) VALUES ('12','1','Organisation du cours');
INSERT INTO osyl2_meta_element(META_ELEMENT_ID,META_ELEMENT_TYPE_ID,DEFAULT_LABEL) VALUES ('13','1','Séance de cours');
INSERT INTO osyl2_meta_element(META_ELEMENT_ID,META_ELEMENT_TYPE_ID,DEFAULT_LABEL) VALUES ('14','1','Séance de travaux pratiques');
INSERT INTO osyl2_meta_element(META_ELEMENT_ID,META_ELEMENT_TYPE_ID,DEFAULT_LABEL) VALUES ('15','1','Regroupement');


INSERT INTO osyl2_meta_element_description(META_ELEMENT_ID,LOCALE,LABEL) VALUES ('1','en_us','Presentation');
INSERT INTO osyl2_meta_element_description(META_ELEMENT_ID,LOCALE,LABEL) VALUES ('1','fr_ca','Présentation du cours');
INSERT INTO osyl2_meta_element_description(META_ELEMENT_ID,LOCALE,LABEL) VALUES ('2','en_us','Text');
INSERT INTO osyl2_meta_element_description(META_ELEMENT_ID,LOCALE,LABEL) VALUES ('2','fr_ca','Texte');
INSERT INTO osyl2_meta_element_description(META_ELEMENT_ID,LOCALE,LABEL) VALUES ('3','en_us','Document');
INSERT INTO osyl2_meta_element_description(META_ELEMENT_ID,LOCALE,LABEL) VALUES ('3','fr_ca','Document');
INSERT INTO osyl2_meta_element_description(META_ELEMENT_ID,LOCALE,LABEL) VALUES ('4','en_us','Url');
INSERT INTO osyl2_meta_element_description(META_ELEMENT_ID,LOCALE,LABEL) VALUES ('4','fr_ca','Url');
INSERT INTO osyl2_meta_element_description(META_ELEMENT_ID,LOCALE,LABEL) VALUES ('5','en_us','Contact informations');
INSERT INTO osyl2_meta_element_description(META_ELEMENT_ID,LOCALE,LABEL) VALUES ('5','fr_ca','Coordonnées');
INSERT INTO osyl2_meta_element_description(META_ELEMENT_ID,LOCALE,LABEL) VALUES ('6','en_us','Contact information');
INSERT INTO osyl2_meta_element_description(META_ELEMENT_ID,LOCALE,LABEL) VALUES ('6','fr_ca','Coordonnée');
INSERT INTO osyl2_meta_element_description(META_ELEMENT_ID,LOCALE,LABEL) VALUES ('7','en_us','Learning material');
INSERT INTO osyl2_meta_element_description(META_ELEMENT_ID,LOCALE,LABEL) VALUES ('7','fr_ca','Matériel pédagogique');
INSERT INTO osyl2_meta_element_description(META_ELEMENT_ID,LOCALE,LABEL) VALUES ('8','en_us','Citation');
INSERT INTO osyl2_meta_element_description(META_ELEMENT_ID,LOCALE,LABEL) VALUES ('8','fr_ca','Référence bibliographique');
INSERT INTO osyl2_meta_element_description(META_ELEMENT_ID,LOCALE,LABEL) VALUES ('9','en_us','Evaluations');
INSERT INTO osyl2_meta_element_description(META_ELEMENT_ID,LOCALE,LABEL) VALUES ('9','fr_ca','Évaluations');
INSERT INTO osyl2_meta_element_description(META_ELEMENT_ID,LOCALE,LABEL) VALUES ('10','en_us','Evaluation');
INSERT INTO osyl2_meta_element_description(META_ELEMENT_ID,LOCALE,LABEL) VALUES ('10','fr_ca','Évaluation');
INSERT INTO osyl2_meta_element_description(META_ELEMENT_ID,LOCALE,LABEL) VALUES ('11','en_us','Entity');
INSERT INTO osyl2_meta_element_description(META_ELEMENT_ID,LOCALE,LABEL) VALUES ('11','fr_ca','Entité');
INSERT INTO osyl2_meta_element_description(META_ELEMENT_ID,LOCALE,LABEL) VALUES ('12','en_us','Course Organisation');
INSERT INTO osyl2_meta_element_description(META_ELEMENT_ID,LOCALE,LABEL) VALUES ('12','fr_ca','Organisation du cours');
INSERT INTO osyl2_meta_element_description(META_ELEMENT_ID,LOCALE,LABEL) VALUES ('13','en_us','Lecture');
INSERT INTO osyl2_meta_element_description(META_ELEMENT_ID,LOCALE,LABEL) VALUES ('13','fr_ca','Séance du cours');
INSERT INTO osyl2_meta_element_description(META_ELEMENT_ID,LOCALE,LABEL) VALUES ('14','en_us','Tutorial');
INSERT INTO osyl2_meta_element_description(META_ELEMENT_ID,LOCALE,LABEL) VALUES ('14','fr_ca','Séance de travaux pratiques');
INSERT INTO osyl2_meta_element_description(META_ELEMENT_ID,LOCALE,LABEL) VALUES ('15','en_us','Cluster');
INSERT INTO osyl2_meta_element_description(META_ELEMENT_ID,LOCALE,LABEL) VALUES ('15','fr_ca','Regroupement');

INSERT INTO osyl2_meta_element_type(META_ELEMENT_TYPE_ID,TITLE,DESCRIPTION) VALUES ('1','COMPOSITE','Un meta_element type contenant d''autres');
INSERT INTO osyl2_meta_element_type(META_ELEMENT_TYPE_ID,TITLE,DESCRIPTION) VALUES ('2','TEXT','Contenant de texte');
INSERT INTO osyl2_meta_element_type(META_ELEMENT_TYPE_ID,TITLE,DESCRIPTION) VALUES ('3','DOCUMENT','Contenant de document');
INSERT INTO osyl2_meta_element_type(META_ELEMENT_TYPE_ID,TITLE,DESCRIPTION) VALUES ('4','URL','Contenant d''url');
INSERT INTO osyl2_meta_element_type(META_ELEMENT_TYPE_ID,TITLE,DESCRIPTION) VALUES ('5','REF_BIBLIO','Contenant de référence bibliographique');
INSERT INTO osyl2_meta_element_type(META_ELEMENT_TYPE_ID,TITLE,DESCRIPTION) VALUES ('6','CONTACT_INFO','Contenant de contact d''information');
INSERT INTO osyl2_meta_element_type(META_ELEMENT_TYPE_ID,TITLE,DESCRIPTION) VALUES ('7','SAKAI_ENTITY','Contenant d''entité Sakai');

INSERT INTO osyl2_meta_rubric(META_RUBRIC_ID,LABEL)VALUES('1','Non défini');
INSERT INTO osyl2_meta_rubric(META_RUBRIC_ID,LABEL)VALUES('2','Description');
INSERT INTO osyl2_meta_rubric(META_RUBRIC_ID,LABEL)VALUES('3','Objectifs');
INSERT INTO osyl2_meta_rubric(META_RUBRIC_ID,LABEL)VALUES('4','Approche pédagogique');
INSERT INTO osyl2_meta_rubric(META_RUBRIC_ID,LABEL)VALUES('5','Coordinateur');
INSERT INTO osyl2_meta_rubric(META_RUBRIC_ID,LABEL)VALUES('6','Enseignant(s)');
INSERT INTO osyl2_meta_rubric(META_RUBRIC_ID,LABEL)VALUES('7','Stagiaire(s) d''enseignement');
INSERT INTO osyl2_meta_rubric(META_RUBRIC_ID,LABEL)VALUES('8','Conférencier(s)');
INSERT INTO osyl2_meta_rubric(META_RUBRIC_ID,LABEL)VALUES('9','Secrétaire(s)');
INSERT INTO osyl2_meta_rubric(META_RUBRIC_ID,LABEL)VALUES('10','Ressources bibliographiques');
INSERT INTO osyl2_meta_rubric(META_RUBRIC_ID,LABEL)VALUES('11','Ressources bibliographiques complémentaires');
INSERT INTO osyl2_meta_rubric(META_RUBRIC_ID,LABEL)VALUES('12','Ressources générales');
INSERT INTO osyl2_meta_rubric(META_RUBRIC_ID,LABEL)VALUES('13','Cas');
INSERT INTO osyl2_meta_rubric(META_RUBRIC_ID,LABEL)VALUES('14','Outils');
INSERT INTO osyl2_meta_rubric(META_RUBRIC_ID,LABEL)VALUES('15','Anciens examens');
INSERT INTO osyl2_meta_rubric(META_RUBRIC_ID,LABEL)VALUES('16','Critères d''évaluation');
INSERT INTO osyl2_meta_rubric(META_RUBRIC_ID,LABEL)VALUES('17','Préparation à l''évaluation');
INSERT INTO osyl2_meta_rubric(META_RUBRIC_ID,LABEL)VALUES('18','Modalités de remise et pénalités');
INSERT INTO osyl2_meta_rubric(META_RUBRIC_ID,LABEL)VALUES('19','Ressources générales');
INSERT INTO osyl2_meta_rubric(META_RUBRIC_ID,LABEL)VALUES('20','Activités/Ressources avant la séance');
INSERT INTO osyl2_meta_rubric(META_RUBRIC_ID,LABEL)VALUES('21','Activités/Ressources pendant la séance');
INSERT INTO osyl2_meta_rubric(META_RUBRIC_ID,LABEL)VALUES('22','Activités/Ressources après la séance');
INSERT INTO osyl2_meta_rubric(META_RUBRIC_ID,LABEL)VALUES('23','Examen final');
INSERT INTO osyl2_meta_rubric(META_RUBRIC_ID,LABEL)VALUES('24','Examen intra');
INSERT INTO osyl2_meta_rubric(META_RUBRIC_ID,LABEL)VALUES('25','Participation');
INSERT INTO osyl2_meta_rubric(META_RUBRIC_ID,LABEL)VALUES('26','Travail');
INSERT INTO osyl2_meta_rubric(META_RUBRIC_ID,LABEL)VALUES('27','Test/Quizz');
INSERT INTO osyl2_meta_rubric(META_RUBRIC_ID,LABEL)VALUES('28','Autre');


INSERT INTO osyl2_meta_rubric_description(META_RUBRIC_ID,LOCALE,LABEL) VALUES ('1','en_us','Undefined');
INSERT INTO osyl2_meta_rubric_description(META_RUBRIC_ID,LOCALE,LABEL) VALUES ('1','fr_ca','Non défini');
INSERT INTO osyl2_meta_rubric_description(META_RUBRIC_ID,LOCALE,LABEL) VALUES ('2','en_us','Description');
INSERT INTO osyl2_meta_rubric_description(META_RUBRIC_ID,LOCALE,LABEL) VALUES ('2','fr_ca','Description');
INSERT INTO osyl2_meta_rubric_description(META_RUBRIC_ID,LOCALE,LABEL) VALUES ('3','en_us','Objectives');
INSERT INTO osyl2_meta_rubric_description(META_RUBRIC_ID,LOCALE,LABEL) VALUES ('3','fr_ca','Objectifs');
INSERT INTO osyl2_meta_rubric_description(META_RUBRIC_ID,LOCALE,LABEL) VALUES ('4','en_us','Learning strategy');
INSERT INTO osyl2_meta_rubric_description(META_RUBRIC_ID,LOCALE,LABEL) VALUES ('4','fr_ca','Approche pédagogique');
INSERT INTO osyl2_meta_rubric_description(META_RUBRIC_ID,LOCALE,LABEL) VALUES ('5','en_us','Coordinator');
INSERT INTO osyl2_meta_rubric_description(META_RUBRIC_ID,LOCALE,LABEL) VALUES ('5','fr_ca','Coordinateur');
INSERT INTO osyl2_meta_rubric_description(META_RUBRIC_ID,LOCALE,LABEL) VALUES ('6','en_us','Lecturer(s)');
INSERT INTO osyl2_meta_rubric_description(META_RUBRIC_ID,LOCALE,LABEL) VALUES ('6','fr_ca','Enseignant(s)');
INSERT INTO osyl2_meta_rubric_description(META_RUBRIC_ID,LOCALE,LABEL) VALUES ('7','en_us','Teaching assistant(s)');
INSERT INTO osyl2_meta_rubric_description(META_RUBRIC_ID,LOCALE,LABEL) VALUES ('7','fr_ca','Stagiaire(s) d''enseignement');
INSERT INTO osyl2_meta_rubric_description(META_RUBRIC_ID,LOCALE,LABEL) VALUES ('8','en_us','Speaker(s)');
INSERT INTO osyl2_meta_rubric_description(META_RUBRIC_ID,LOCALE,LABEL) VALUES ('8','fr_ca','Conférencier(s)');
INSERT INTO osyl2_meta_rubric_description(META_RUBRIC_ID,LOCALE,LABEL) VALUES ('9','en_us','Secretary(ies)');
INSERT INTO osyl2_meta_rubric_description(META_RUBRIC_ID,LOCALE,LABEL) VALUES ('9','fr_ca','Secrétaire(s)');
INSERT INTO osyl2_meta_rubric_description(META_RUBRIC_ID,LOCALE,LABEL) VALUES ('10','en_us','Bibliographic resources');
INSERT INTO osyl2_meta_rubric_description(META_RUBRIC_ID,LOCALE,LABEL) VALUES ('10','fr_ca','Ressources bibliographiques');
INSERT INTO osyl2_meta_rubric_description(META_RUBRIC_ID,LOCALE,LABEL) VALUES ('11','en_us','Complementary Bibliographical Resources');
INSERT INTO osyl2_meta_rubric_description(META_RUBRIC_ID,LOCALE,LABEL) VALUES ('11','fr_ca','Ressources bibliographiques complémentaires');
INSERT INTO osyl2_meta_rubric_description(META_RUBRIC_ID,LOCALE,LABEL) VALUES ('12','en_us','Miscellaneous Resources');
INSERT INTO osyl2_meta_rubric_description(META_RUBRIC_ID,LOCALE,LABEL) VALUES ('12','fr_ca','Ressources générales');
INSERT INTO osyl2_meta_rubric_description(META_RUBRIC_ID,LOCALE,LABEL) VALUES ('13','en_us','Case');
INSERT INTO osyl2_meta_rubric_description(META_RUBRIC_ID,LOCALE,LABEL) VALUES ('13','fr_ca','Cas');
INSERT INTO osyl2_meta_rubric_description(META_RUBRIC_ID,LOCALE,LABEL) VALUES ('14','en_us','Tools');
INSERT INTO osyl2_meta_rubric_description(META_RUBRIC_ID,LOCALE,LABEL) VALUES ('14','fr_ca','Outils');
INSERT INTO osyl2_meta_rubric_description(META_RUBRIC_ID,LOCALE,LABEL) VALUES ('15','en_us','Past Exams');
INSERT INTO osyl2_meta_rubric_description(META_RUBRIC_ID,LOCALE,LABEL) VALUES ('15','fr_ca','Anciens examens');
INSERT INTO osyl2_meta_rubric_description(META_RUBRIC_ID,LOCALE,LABEL) VALUES ('16','en_us','Evaluation Criteria');
INSERT INTO osyl2_meta_rubric_description(META_RUBRIC_ID,LOCALE,LABEL) VALUES ('16','fr_ca','Critères d''évaluation');
INSERT INTO osyl2_meta_rubric_description(META_RUBRIC_ID,LOCALE,LABEL) VALUES ('17','en_us','Preparation to Evaluation');
INSERT INTO osyl2_meta_rubric_description(META_RUBRIC_ID,LOCALE,LABEL) VALUES ('17','fr_ca','Préparation à l''évaluation');
INSERT INTO osyl2_meta_rubric_description(META_RUBRIC_ID,LOCALE,LABEL) VALUES ('18','en_us','Submission Procedures and Penalties');
INSERT INTO osyl2_meta_rubric_description(META_RUBRIC_ID,LOCALE,LABEL) VALUES ('18','fr_ca','Modalités de remise et pénalités');
INSERT INTO osyl2_meta_rubric_description(META_RUBRIC_ID,LOCALE,LABEL) VALUES ('19','en_us','Miscellaneous Resources');
INSERT INTO osyl2_meta_rubric_description(META_RUBRIC_ID,LOCALE,LABEL) VALUES ('19','fr_ca','Ressources générales');
INSERT INTO osyl2_meta_rubric_description(META_RUBRIC_ID,LOCALE,LABEL) VALUES ('20','en_us','Activities/Resources before session');
INSERT INTO osyl2_meta_rubric_description(META_RUBRIC_ID,LOCALE,LABEL) VALUES ('20','fr_ca','Activités/Ressources avant la séance');
INSERT INTO osyl2_meta_rubric_description(META_RUBRIC_ID,LOCALE,LABEL) VALUES ('21','en_us','Activities/Resources during session');
INSERT INTO osyl2_meta_rubric_description(META_RUBRIC_ID,LOCALE,LABEL) VALUES ('21','fr_ca','Activités/Ressources pendant la séance');
INSERT INTO osyl2_meta_rubric_description(META_RUBRIC_ID,LOCALE,LABEL) VALUES ('22','en_us','Activities/Resources after session');
INSERT INTO osyl2_meta_rubric_description(META_RUBRIC_ID,LOCALE,LABEL) VALUES ('22','fr_ca','Activités/Ressources après la séance');
INSERT INTO osyl2_meta_rubric_description(META_RUBRIC_ID,LOCALE,LABEL) VALUES ('23','en_us','Final exam');
INSERT INTO osyl2_meta_rubric_description(META_RUBRIC_ID,LOCALE,LABEL) VALUES ('23','fr_ca','Examen final');
INSERT INTO osyl2_meta_rubric_description(META_RUBRIC_ID,LOCALE,LABEL) VALUES ('24','en_us','Midterm exam');
INSERT INTO osyl2_meta_rubric_description(META_RUBRIC_ID,LOCALE,LABEL) VALUES ('24','fr_ca','Examen intra');
INSERT INTO osyl2_meta_rubric_description(META_RUBRIC_ID,LOCALE,LABEL) VALUES ('25','en_us','Participation');
INSERT INTO osyl2_meta_rubric_description(META_RUBRIC_ID,LOCALE,LABEL) VALUES ('25','fr_ca','Participation');
INSERT INTO osyl2_meta_rubric_description(META_RUBRIC_ID,LOCALE,LABEL) VALUES ('26','en_us','Work');
INSERT INTO osyl2_meta_rubric_description(META_RUBRIC_ID,LOCALE,LABEL) VALUES ('26','fr_ca','Travail');
INSERT INTO osyl2_meta_rubric_description(META_RUBRIC_ID,LOCALE,LABEL) VALUES ('27','en_us','Test/Quizz');
INSERT INTO osyl2_meta_rubric_description(META_RUBRIC_ID,LOCALE,LABEL) VALUES ('27','fr_ca','Test/Quizz');
INSERT INTO osyl2_meta_rubric_description(META_RUBRIC_ID,LOCALE,LABEL) VALUES ('28','en_us','Other');
INSERT INTO osyl2_meta_rubric_description(META_RUBRIC_ID,LOCALE,LABEL) VALUES ('28','fr_ca','Autre');


INSERT INTO osyl2_meta_rubric_syllabus(META_SYLLABUS_ID,META_RUBRIC_ID)VALUES(102,1);
INSERT INTO osyl2_meta_rubric_syllabus(META_SYLLABUS_ID,META_RUBRIC_ID)VALUES('102','2');
INSERT INTO osyl2_meta_rubric_syllabus(META_SYLLABUS_ID,META_RUBRIC_ID)VALUES('102','3');
INSERT INTO osyl2_meta_rubric_syllabus(META_SYLLABUS_ID,META_RUBRIC_ID)VALUES('102','4');
INSERT INTO osyl2_meta_rubric_syllabus(META_SYLLABUS_ID,META_RUBRIC_ID)VALUES('103','1');
INSERT INTO osyl2_meta_rubric_syllabus(META_SYLLABUS_ID,META_RUBRIC_ID)VALUES('103','2');
INSERT INTO osyl2_meta_rubric_syllabus(META_SYLLABUS_ID,META_RUBRIC_ID)VALUES('103','3');
INSERT INTO osyl2_meta_rubric_syllabus(META_SYLLABUS_ID,META_RUBRIC_ID)VALUES('103','4');
INSERT INTO osyl2_meta_rubric_syllabus(META_SYLLABUS_ID,META_RUBRIC_ID)VALUES('104','1');
INSERT INTO osyl2_meta_rubric_syllabus(META_SYLLABUS_ID,META_RUBRIC_ID)VALUES('104','2');
INSERT INTO osyl2_meta_rubric_syllabus(META_SYLLABUS_ID,META_RUBRIC_ID)VALUES('104','3');
INSERT INTO osyl2_meta_rubric_syllabus(META_SYLLABUS_ID,META_RUBRIC_ID)VALUES('104','4');
INSERT INTO osyl2_meta_rubric_syllabus(META_SYLLABUS_ID,META_RUBRIC_ID)VALUES('106','1');
INSERT INTO osyl2_meta_rubric_syllabus(META_SYLLABUS_ID,META_RUBRIC_ID)VALUES('106','5');
INSERT INTO osyl2_meta_rubric_syllabus(META_SYLLABUS_ID,META_RUBRIC_ID)VALUES('106','6');
INSERT INTO osyl2_meta_rubric_syllabus(META_SYLLABUS_ID,META_RUBRIC_ID)VALUES('106','7');
INSERT INTO osyl2_meta_rubric_syllabus(META_SYLLABUS_ID,META_RUBRIC_ID)VALUES('106','8');
INSERT INTO osyl2_meta_rubric_syllabus(META_SYLLABUS_ID,META_RUBRIC_ID)VALUES('106','9');
INSERT INTO osyl2_meta_rubric_syllabus(META_SYLLABUS_ID,META_RUBRIC_ID)VALUES('108','1');
INSERT INTO osyl2_meta_rubric_syllabus(META_SYLLABUS_ID,META_RUBRIC_ID)VALUES('108','10');
INSERT INTO osyl2_meta_rubric_syllabus(META_SYLLABUS_ID,META_RUBRIC_ID)VALUES('108','11');
INSERT INTO osyl2_meta_rubric_syllabus(META_SYLLABUS_ID,META_RUBRIC_ID)VALUES('108','12');
INSERT INTO osyl2_meta_rubric_syllabus(META_SYLLABUS_ID,META_RUBRIC_ID)VALUES('108','13');
INSERT INTO osyl2_meta_rubric_syllabus(META_SYLLABUS_ID,META_RUBRIC_ID)VALUES('108','14');
INSERT INTO osyl2_meta_rubric_syllabus(META_SYLLABUS_ID,META_RUBRIC_ID)VALUES('108','15');
INSERT INTO osyl2_meta_rubric_syllabus(META_SYLLABUS_ID,META_RUBRIC_ID)VALUES('109','1');
INSERT INTO osyl2_meta_rubric_syllabus(META_SYLLABUS_ID,META_RUBRIC_ID)VALUES('109','10');
INSERT INTO osyl2_meta_rubric_syllabus(META_SYLLABUS_ID,META_RUBRIC_ID)VALUES('109','11');
INSERT INTO osyl2_meta_rubric_syllabus(META_SYLLABUS_ID,META_RUBRIC_ID)VALUES('109','12');
INSERT INTO osyl2_meta_rubric_syllabus(META_SYLLABUS_ID,META_RUBRIC_ID)VALUES('109','13');
INSERT INTO osyl2_meta_rubric_syllabus(META_SYLLABUS_ID,META_RUBRIC_ID)VALUES('109','14');
INSERT INTO osyl2_meta_rubric_syllabus(META_SYLLABUS_ID,META_RUBRIC_ID)VALUES('109','15');
INSERT INTO osyl2_meta_rubric_syllabus(META_SYLLABUS_ID,META_RUBRIC_ID)VALUES('110','1');
INSERT INTO osyl2_meta_rubric_syllabus(META_SYLLABUS_ID,META_RUBRIC_ID)VALUES('110','10');
INSERT INTO osyl2_meta_rubric_syllabus(META_SYLLABUS_ID,META_RUBRIC_ID)VALUES('110','11');
INSERT INTO osyl2_meta_rubric_syllabus(META_SYLLABUS_ID,META_RUBRIC_ID)VALUES('110','12');
INSERT INTO osyl2_meta_rubric_syllabus(META_SYLLABUS_ID,META_RUBRIC_ID)VALUES('110','13');
INSERT INTO osyl2_meta_rubric_syllabus(META_SYLLABUS_ID,META_RUBRIC_ID)VALUES('110','14');
INSERT INTO osyl2_meta_rubric_syllabus(META_SYLLABUS_ID,META_RUBRIC_ID)VALUES('110','15');
INSERT INTO osyl2_meta_rubric_syllabus(META_SYLLABUS_ID,META_RUBRIC_ID)VALUES('111','1');
INSERT INTO osyl2_meta_rubric_syllabus(META_SYLLABUS_ID,META_RUBRIC_ID)VALUES('111','10');
INSERT INTO osyl2_meta_rubric_syllabus(META_SYLLABUS_ID,META_RUBRIC_ID)VALUES('111','11');
INSERT INTO osyl2_meta_rubric_syllabus(META_SYLLABUS_ID,META_RUBRIC_ID)VALUES('111','12');
INSERT INTO osyl2_meta_rubric_syllabus(META_SYLLABUS_ID,META_RUBRIC_ID)VALUES('111','13');
INSERT INTO osyl2_meta_rubric_syllabus(META_SYLLABUS_ID,META_RUBRIC_ID)VALUES('111','14');
INSERT INTO osyl2_meta_rubric_syllabus(META_SYLLABUS_ID,META_RUBRIC_ID)VALUES('111','15');
INSERT INTO osyl2_meta_rubric_syllabus(META_SYLLABUS_ID,META_RUBRIC_ID)VALUES('114','1');
INSERT INTO osyl2_meta_rubric_syllabus(META_SYLLABUS_ID,META_RUBRIC_ID)VALUES('114','2');
INSERT INTO osyl2_meta_rubric_syllabus(META_SYLLABUS_ID,META_RUBRIC_ID)VALUES('114','3');
INSERT INTO osyl2_meta_rubric_syllabus(META_SYLLABUS_ID,META_RUBRIC_ID)VALUES('114','16');
INSERT INTO osyl2_meta_rubric_syllabus(META_SYLLABUS_ID,META_RUBRIC_ID)VALUES('114','17');
INSERT INTO osyl2_meta_rubric_syllabus(META_SYLLABUS_ID,META_RUBRIC_ID)VALUES('114','18');
INSERT INTO osyl2_meta_rubric_syllabus(META_SYLLABUS_ID,META_RUBRIC_ID)VALUES('114','19');
INSERT INTO osyl2_meta_rubric_syllabus(META_SYLLABUS_ID,META_RUBRIC_ID)VALUES('115','1');
INSERT INTO osyl2_meta_rubric_syllabus(META_SYLLABUS_ID,META_RUBRIC_ID)VALUES('115','2');
INSERT INTO osyl2_meta_rubric_syllabus(META_SYLLABUS_ID,META_RUBRIC_ID)VALUES('115','3');
INSERT INTO osyl2_meta_rubric_syllabus(META_SYLLABUS_ID,META_RUBRIC_ID)VALUES('115','16');
INSERT INTO osyl2_meta_rubric_syllabus(META_SYLLABUS_ID,META_RUBRIC_ID)VALUES('115','17');
INSERT INTO osyl2_meta_rubric_syllabus(META_SYLLABUS_ID,META_RUBRIC_ID)VALUES('115','18');
INSERT INTO osyl2_meta_rubric_syllabus(META_SYLLABUS_ID,META_RUBRIC_ID)VALUES('115','19');
INSERT INTO osyl2_meta_rubric_syllabus(META_SYLLABUS_ID,META_RUBRIC_ID)VALUES('116','1');
INSERT INTO osyl2_meta_rubric_syllabus(META_SYLLABUS_ID,META_RUBRIC_ID)VALUES('116','2');
INSERT INTO osyl2_meta_rubric_syllabus(META_SYLLABUS_ID,META_RUBRIC_ID)VALUES('116','3');
INSERT INTO osyl2_meta_rubric_syllabus(META_SYLLABUS_ID,META_RUBRIC_ID)VALUES('116','16');
INSERT INTO osyl2_meta_rubric_syllabus(META_SYLLABUS_ID,META_RUBRIC_ID)VALUES('116','17');
INSERT INTO osyl2_meta_rubric_syllabus(META_SYLLABUS_ID,META_RUBRIC_ID)VALUES('116','18');
INSERT INTO osyl2_meta_rubric_syllabus(META_SYLLABUS_ID,META_RUBRIC_ID)VALUES('116','19');
INSERT INTO osyl2_meta_rubric_syllabus(META_SYLLABUS_ID,META_RUBRIC_ID)VALUES('117','1');
INSERT INTO osyl2_meta_rubric_syllabus(META_SYLLABUS_ID,META_RUBRIC_ID)VALUES('117','2');
INSERT INTO osyl2_meta_rubric_syllabus(META_SYLLABUS_ID,META_RUBRIC_ID)VALUES('117','3');
INSERT INTO osyl2_meta_rubric_syllabus(META_SYLLABUS_ID,META_RUBRIC_ID)VALUES('117','16');
INSERT INTO osyl2_meta_rubric_syllabus(META_SYLLABUS_ID,META_RUBRIC_ID)VALUES('117','17');
INSERT INTO osyl2_meta_rubric_syllabus(META_SYLLABUS_ID,META_RUBRIC_ID)VALUES('117','18');
INSERT INTO osyl2_meta_rubric_syllabus(META_SYLLABUS_ID,META_RUBRIC_ID)VALUES('117','19');
INSERT INTO osyl2_meta_rubric_syllabus(META_SYLLABUS_ID,META_RUBRIC_ID)VALUES('118','1');
INSERT INTO osyl2_meta_rubric_syllabus(META_SYLLABUS_ID,META_RUBRIC_ID)VALUES('118','2');
INSERT INTO osyl2_meta_rubric_syllabus(META_SYLLABUS_ID,META_RUBRIC_ID)VALUES('118','3');
INSERT INTO osyl2_meta_rubric_syllabus(META_SYLLABUS_ID,META_RUBRIC_ID)VALUES('118','16');
INSERT INTO osyl2_meta_rubric_syllabus(META_SYLLABUS_ID,META_RUBRIC_ID)VALUES('118','17');
INSERT INTO osyl2_meta_rubric_syllabus(META_SYLLABUS_ID,META_RUBRIC_ID)VALUES('118','18');
INSERT INTO osyl2_meta_rubric_syllabus(META_SYLLABUS_ID,META_RUBRIC_ID)VALUES('118','19');
INSERT INTO osyl2_meta_rubric_syllabus(META_SYLLABUS_ID,META_RUBRIC_ID)VALUES('123','1');
INSERT INTO osyl2_meta_rubric_syllabus(META_SYLLABUS_ID,META_RUBRIC_ID)VALUES('123','2');
INSERT INTO osyl2_meta_rubric_syllabus(META_SYLLABUS_ID,META_RUBRIC_ID)VALUES('123','3');
INSERT INTO osyl2_meta_rubric_syllabus(META_SYLLABUS_ID,META_RUBRIC_ID)VALUES('123','19');
INSERT INTO osyl2_meta_rubric_syllabus(META_SYLLABUS_ID,META_RUBRIC_ID)VALUES('123','20');
INSERT INTO osyl2_meta_rubric_syllabus(META_SYLLABUS_ID,META_RUBRIC_ID)VALUES('123','21');
INSERT INTO osyl2_meta_rubric_syllabus(META_SYLLABUS_ID,META_RUBRIC_ID)VALUES('123','22');
INSERT INTO osyl2_meta_rubric_syllabus(META_SYLLABUS_ID,META_RUBRIC_ID)VALUES('124','1');
INSERT INTO osyl2_meta_rubric_syllabus(META_SYLLABUS_ID,META_RUBRIC_ID)VALUES('124','2');
INSERT INTO osyl2_meta_rubric_syllabus(META_SYLLABUS_ID,META_RUBRIC_ID)VALUES('124','3');
INSERT INTO osyl2_meta_rubric_syllabus(META_SYLLABUS_ID,META_RUBRIC_ID)VALUES('124','19');
INSERT INTO osyl2_meta_rubric_syllabus(META_SYLLABUS_ID,META_RUBRIC_ID)VALUES('124','20');
INSERT INTO osyl2_meta_rubric_syllabus(META_SYLLABUS_ID,META_RUBRIC_ID)VALUES('124','21');
INSERT INTO osyl2_meta_rubric_syllabus(META_SYLLABUS_ID,META_RUBRIC_ID)VALUES('124','22');
INSERT INTO osyl2_meta_rubric_syllabus(META_SYLLABUS_ID,META_RUBRIC_ID)VALUES('125','1');
INSERT INTO osyl2_meta_rubric_syllabus(META_SYLLABUS_ID,META_RUBRIC_ID)VALUES('125','2');
INSERT INTO osyl2_meta_rubric_syllabus(META_SYLLABUS_ID,META_RUBRIC_ID)VALUES('125','3');
INSERT INTO osyl2_meta_rubric_syllabus(META_SYLLABUS_ID,META_RUBRIC_ID)VALUES('125','19');
INSERT INTO osyl2_meta_rubric_syllabus(META_SYLLABUS_ID,META_RUBRIC_ID)VALUES('125','20');
INSERT INTO osyl2_meta_rubric_syllabus(META_SYLLABUS_ID,META_RUBRIC_ID)VALUES('125','21');
INSERT INTO osyl2_meta_rubric_syllabus(META_SYLLABUS_ID,META_RUBRIC_ID)VALUES('125','22');
INSERT INTO osyl2_meta_rubric_syllabus(META_SYLLABUS_ID,META_RUBRIC_ID)VALUES('126','1');
INSERT INTO osyl2_meta_rubric_syllabus(META_SYLLABUS_ID,META_RUBRIC_ID)VALUES('126','2');
INSERT INTO osyl2_meta_rubric_syllabus(META_SYLLABUS_ID,META_RUBRIC_ID)VALUES('126','3');
INSERT INTO osyl2_meta_rubric_syllabus(META_SYLLABUS_ID,META_RUBRIC_ID)VALUES('126','19');
INSERT INTO osyl2_meta_rubric_syllabus(META_SYLLABUS_ID,META_RUBRIC_ID)VALUES('126','20');
INSERT INTO osyl2_meta_rubric_syllabus(META_SYLLABUS_ID,META_RUBRIC_ID)VALUES('126','21');
INSERT INTO osyl2_meta_rubric_syllabus(META_SYLLABUS_ID,META_RUBRIC_ID)VALUES('126','22');
INSERT INTO osyl2_meta_rubric_syllabus(META_SYLLABUS_ID,META_RUBRIC_ID)VALUES('127','1');
INSERT INTO osyl2_meta_rubric_syllabus(META_SYLLABUS_ID,META_RUBRIC_ID)VALUES('127','2');
INSERT INTO osyl2_meta_rubric_syllabus(META_SYLLABUS_ID,META_RUBRIC_ID)VALUES('127','3');
INSERT INTO osyl2_meta_rubric_syllabus(META_SYLLABUS_ID,META_RUBRIC_ID)VALUES('127','19');
INSERT INTO osyl2_meta_rubric_syllabus(META_SYLLABUS_ID,META_RUBRIC_ID)VALUES('127','20');
INSERT INTO osyl2_meta_rubric_syllabus(META_SYLLABUS_ID,META_RUBRIC_ID)VALUES('127','21');
INSERT INTO osyl2_meta_rubric_syllabus(META_SYLLABUS_ID,META_RUBRIC_ID)VALUES('127','22');
INSERT INTO osyl2_meta_rubric_syllabus(META_SYLLABUS_ID,META_RUBRIC_ID)VALUES('128','1');
INSERT INTO osyl2_meta_rubric_syllabus(META_SYLLABUS_ID,META_RUBRIC_ID)VALUES('128','2');
INSERT INTO osyl2_meta_rubric_syllabus(META_SYLLABUS_ID,META_RUBRIC_ID)VALUES('128','3');
INSERT INTO osyl2_meta_rubric_syllabus(META_SYLLABUS_ID,META_RUBRIC_ID)VALUES('128','19');
INSERT INTO osyl2_meta_rubric_syllabus(META_SYLLABUS_ID,META_RUBRIC_ID)VALUES('128','20');
INSERT INTO osyl2_meta_rubric_syllabus(META_SYLLABUS_ID,META_RUBRIC_ID)VALUES('128','21');
INSERT INTO osyl2_meta_rubric_syllabus(META_SYLLABUS_ID,META_RUBRIC_ID)VALUES('128','22');
INSERT INTO osyl2_meta_rubric_syllabus(META_SYLLABUS_ID,META_RUBRIC_ID)VALUES('129','1');
INSERT INTO osyl2_meta_rubric_syllabus(META_SYLLABUS_ID,META_RUBRIC_ID)VALUES('129','2');
INSERT INTO osyl2_meta_rubric_syllabus(META_SYLLABUS_ID,META_RUBRIC_ID)VALUES('129','3');
INSERT INTO osyl2_meta_rubric_syllabus(META_SYLLABUS_ID,META_RUBRIC_ID)VALUES('129','19');
INSERT INTO osyl2_meta_rubric_syllabus(META_SYLLABUS_ID,META_RUBRIC_ID)VALUES('129','20');
INSERT INTO osyl2_meta_rubric_syllabus(META_SYLLABUS_ID,META_RUBRIC_ID)VALUES('129','21');
INSERT INTO osyl2_meta_rubric_syllabus(META_SYLLABUS_ID,META_RUBRIC_ID)VALUES('129','22');
INSERT INTO osyl2_meta_rubric_syllabus(META_SYLLABUS_ID,META_RUBRIC_ID)VALUES('130','1');
INSERT INTO osyl2_meta_rubric_syllabus(META_SYLLABUS_ID,META_RUBRIC_ID)VALUES('130','2');
INSERT INTO osyl2_meta_rubric_syllabus(META_SYLLABUS_ID,META_RUBRIC_ID)VALUES('130','3');
INSERT INTO osyl2_meta_rubric_syllabus(META_SYLLABUS_ID,META_RUBRIC_ID)VALUES('130','19');
INSERT INTO osyl2_meta_rubric_syllabus(META_SYLLABUS_ID,META_RUBRIC_ID)VALUES('130','20');
INSERT INTO osyl2_meta_rubric_syllabus(META_SYLLABUS_ID,META_RUBRIC_ID)VALUES('130','21');
INSERT INTO osyl2_meta_rubric_syllabus(META_SYLLABUS_ID,META_RUBRIC_ID)VALUES('130','22');
INSERT INTO osyl2_meta_rubric_syllabus(META_SYLLABUS_ID,META_RUBRIC_ID)VALUES('131','1');
INSERT INTO osyl2_meta_rubric_syllabus(META_SYLLABUS_ID,META_RUBRIC_ID)VALUES('131','2');
INSERT INTO osyl2_meta_rubric_syllabus(META_SYLLABUS_ID,META_RUBRIC_ID)VALUES('131','3');
INSERT INTO osyl2_meta_rubric_syllabus(META_SYLLABUS_ID,META_RUBRIC_ID)VALUES('131','19');
INSERT INTO osyl2_meta_rubric_syllabus(META_SYLLABUS_ID,META_RUBRIC_ID)VALUES('131','20');
INSERT INTO osyl2_meta_rubric_syllabus(META_SYLLABUS_ID,META_RUBRIC_ID)VALUES('131','21');
INSERT INTO osyl2_meta_rubric_syllabus(META_SYLLABUS_ID,META_RUBRIC_ID)VALUES('131','22');
INSERT INTO osyl2_meta_rubric_syllabus(META_SYLLABUS_ID,META_RUBRIC_ID)VALUES('132','1');
INSERT INTO osyl2_meta_rubric_syllabus(META_SYLLABUS_ID,META_RUBRIC_ID)VALUES('132','2');
INSERT INTO osyl2_meta_rubric_syllabus(META_SYLLABUS_ID,META_RUBRIC_ID)VALUES('132','3');
INSERT INTO osyl2_meta_rubric_syllabus(META_SYLLABUS_ID,META_RUBRIC_ID)VALUES('132','19');
INSERT INTO osyl2_meta_rubric_syllabus(META_SYLLABUS_ID,META_RUBRIC_ID)VALUES('132','20');
INSERT INTO osyl2_meta_rubric_syllabus(META_SYLLABUS_ID,META_RUBRIC_ID)VALUES('132','21');
INSERT INTO osyl2_meta_rubric_syllabus(META_SYLLABUS_ID,META_RUBRIC_ID)VALUES('132','22');


INSERT INTO osyl2_meta_syllabus (META_SYLLABUS_ID,PARENT_ID,META_ELEMENT_ID,META_SYLLABUS_TEMPLATE_ID,MANDATORY,POSITION)VALUES('101','0','1','1','1','0');
INSERT INTO osyl2_meta_syllabus (META_SYLLABUS_ID,PARENT_ID,META_ELEMENT_ID,META_SYLLABUS_TEMPLATE_ID,MANDATORY,POSITION)VALUES('102','101','2','1','0','0');
INSERT INTO osyl2_meta_syllabus (META_SYLLABUS_ID,PARENT_ID,META_ELEMENT_ID,META_SYLLABUS_TEMPLATE_ID,MANDATORY,POSITION)VALUES('103','101','3','1','0','0');
INSERT INTO osyl2_meta_syllabus (META_SYLLABUS_ID,PARENT_ID,META_ELEMENT_ID,META_SYLLABUS_TEMPLATE_ID,MANDATORY,POSITION)VALUES('104','101','4','1','0','0');
INSERT INTO osyl2_meta_syllabus (META_SYLLABUS_ID,PARENT_ID,META_ELEMENT_ID,META_SYLLABUS_TEMPLATE_ID,MANDATORY,POSITION)VALUES('105','0','5','1','1','0');
INSERT INTO osyl2_meta_syllabus (META_SYLLABUS_ID,PARENT_ID,META_ELEMENT_ID,META_SYLLABUS_TEMPLATE_ID,MANDATORY,POSITION)VALUES('106','105','6','1','0','0');
INSERT INTO osyl2_meta_syllabus (META_SYLLABUS_ID,PARENT_ID,META_ELEMENT_ID,META_SYLLABUS_TEMPLATE_ID,MANDATORY,POSITION)VALUES('107','0','7','1','1','0');
INSERT INTO osyl2_meta_syllabus (META_SYLLABUS_ID,PARENT_ID,META_ELEMENT_ID,META_SYLLABUS_TEMPLATE_ID,MANDATORY,POSITION)VALUES('108','107','2','1','0','0');
INSERT INTO osyl2_meta_syllabus (META_SYLLABUS_ID,PARENT_ID,META_ELEMENT_ID,META_SYLLABUS_TEMPLATE_ID,MANDATORY,POSITION)VALUES('109','107','3','1','0','0');
INSERT INTO osyl2_meta_syllabus (META_SYLLABUS_ID,PARENT_ID,META_ELEMENT_ID,META_SYLLABUS_TEMPLATE_ID,MANDATORY,POSITION)VALUES('110','107','4','1','0','0');
INSERT INTO osyl2_meta_syllabus (META_SYLLABUS_ID,PARENT_ID,META_ELEMENT_ID,META_SYLLABUS_TEMPLATE_ID,MANDATORY,POSITION)VALUES('111','107','8','1','0','0');
INSERT INTO osyl2_meta_syllabus (META_SYLLABUS_ID,PARENT_ID,META_ELEMENT_ID,META_SYLLABUS_TEMPLATE_ID,MANDATORY,POSITION)VALUES('112','0','9','1','1','0');
INSERT INTO osyl2_meta_syllabus (META_SYLLABUS_ID,PARENT_ID,META_ELEMENT_ID,META_SYLLABUS_TEMPLATE_ID,MANDATORY,POSITION)VALUES('113','112','10','1','0','0');
INSERT INTO osyl2_meta_syllabus (META_SYLLABUS_ID,PARENT_ID,META_ELEMENT_ID,META_SYLLABUS_TEMPLATE_ID,MANDATORY,POSITION)VALUES('114','113','2','1','0','0');
INSERT INTO osyl2_meta_syllabus (META_SYLLABUS_ID,PARENT_ID,META_ELEMENT_ID,META_SYLLABUS_TEMPLATE_ID,MANDATORY,POSITION)VALUES('115','113','3','1','0','0');
INSERT INTO osyl2_meta_syllabus (META_SYLLABUS_ID,PARENT_ID,META_ELEMENT_ID,META_SYLLABUS_TEMPLATE_ID,MANDATORY,POSITION)VALUES('116','113','4','1','0','0');
INSERT INTO osyl2_meta_syllabus (META_SYLLABUS_ID,PARENT_ID,META_ELEMENT_ID,META_SYLLABUS_TEMPLATE_ID,MANDATORY,POSITION)VALUES('117','113','8','1','0','0');
INSERT INTO osyl2_meta_syllabus (META_SYLLABUS_ID,PARENT_ID,META_ELEMENT_ID,META_SYLLABUS_TEMPLATE_ID,MANDATORY,POSITION)VALUES('118','113','11','1','0','0');
INSERT INTO osyl2_meta_syllabus (META_SYLLABUS_ID,PARENT_ID,META_ELEMENT_ID,META_SYLLABUS_TEMPLATE_ID,MANDATORY,POSITION)VALUES('119','0','12','1','0','0');
INSERT INTO osyl2_meta_syllabus (META_SYLLABUS_ID,PARENT_ID,META_ELEMENT_ID,META_SYLLABUS_TEMPLATE_ID,MANDATORY,POSITION)VALUES('120','119','13','1','1','0');
INSERT INTO osyl2_meta_syllabus (META_SYLLABUS_ID,PARENT_ID,META_ELEMENT_ID,META_SYLLABUS_TEMPLATE_ID,MANDATORY,POSITION)VALUES('121','119','14','1','0','0');
INSERT INTO osyl2_meta_syllabus (META_SYLLABUS_ID,PARENT_ID,META_ELEMENT_ID,META_SYLLABUS_TEMPLATE_ID,MANDATORY,POSITION)VALUES('122','119','15','1','0','0');
INSERT INTO osyl2_meta_syllabus (META_SYLLABUS_ID,PARENT_ID,META_ELEMENT_ID,META_SYLLABUS_TEMPLATE_ID,MANDATORY,POSITION)VALUES('123','120','2','1','0','0');
INSERT INTO osyl2_meta_syllabus (META_SYLLABUS_ID,PARENT_ID,META_ELEMENT_ID,META_SYLLABUS_TEMPLATE_ID,MANDATORY,POSITION)VALUES('124','120','3','1','0','0');
INSERT INTO osyl2_meta_syllabus (META_SYLLABUS_ID,PARENT_ID,META_ELEMENT_ID,META_SYLLABUS_TEMPLATE_ID,MANDATORY,POSITION)VALUES('125','120','4','1','0','0');
INSERT INTO osyl2_meta_syllabus (META_SYLLABUS_ID,PARENT_ID,META_ELEMENT_ID,META_SYLLABUS_TEMPLATE_ID,MANDATORY,POSITION)VALUES('126','120','8','1','0','0');
INSERT INTO osyl2_meta_syllabus (META_SYLLABUS_ID,PARENT_ID,META_ELEMENT_ID,META_SYLLABUS_TEMPLATE_ID,MANDATORY,POSITION)VALUES('127','120','11','1','0','0');
INSERT INTO osyl2_meta_syllabus (META_SYLLABUS_ID,PARENT_ID,META_ELEMENT_ID,META_SYLLABUS_TEMPLATE_ID,MANDATORY,POSITION)VALUES('128','121','2','1','0','0');
INSERT INTO osyl2_meta_syllabus (META_SYLLABUS_ID,PARENT_ID,META_ELEMENT_ID,META_SYLLABUS_TEMPLATE_ID,MANDATORY,POSITION)VALUES('129','121','3','1','0','0');
INSERT INTO osyl2_meta_syllabus (META_SYLLABUS_ID,PARENT_ID,META_ELEMENT_ID,META_SYLLABUS_TEMPLATE_ID,MANDATORY,POSITION)VALUES('130','121','4','1','0','0');
INSERT INTO osyl2_meta_syllabus (META_SYLLABUS_ID,PARENT_ID,META_ELEMENT_ID,META_SYLLABUS_TEMPLATE_ID,MANDATORY,POSITION)VALUES('131','121','8','1','0','0');
INSERT INTO osyl2_meta_syllabus (META_SYLLABUS_ID,PARENT_ID,META_ELEMENT_ID,META_SYLLABUS_TEMPLATE_ID,MANDATORY,POSITION)VALUES('132','121','11','1','0','0');
INSERT INTO osyl2_meta_syllabus (META_SYLLABUS_ID,PARENT_ID,META_ELEMENT_ID,META_SYLLABUS_TEMPLATE_ID,MANDATORY,POSITION)VALUES('133','122','13','1','0','0');
INSERT INTO osyl2_meta_syllabus (META_SYLLABUS_ID,PARENT_ID,META_ELEMENT_ID,META_SYLLABUS_TEMPLATE_ID,MANDATORY,POSITION)VALUES('134','122','14','1','0','0');


INSERT INTO osyl2_meta_syllabus_template(META_SYLLABUS_TEMPLATE_ID,_NAME,DESCRIPTION,ACTIVE)VALUES('1','BAC_HEC Montréal','Template de plans de cours du baccalauréat','1');
INSERT INTO osyl2_meta_syllabus_template(META_SYLLABUS_TEMPLATE_ID,_NAME,DESCRIPTION,ACTIVE)VALUES('2','MBA_HEC Montréal','Template de plans de cours du MBA','1');
INSERT INTO osyl2_meta_syllabus_template(META_SYLLABUS_TEMPLATE_ID,_NAME,DESCRIPTION,ACTIVE)VALUES('3','FCD_HEC Montréal','Template de plans de cours du FCD','0');

