INSERT INTO osyl2_syllabus(SYLLABUS_ID,SITE_ID,COURSETITLE,TEMPLATE_ID,LOCALE,CREATEDBY,CREATIONDATE) VALUES ('1001', '52-701-02A.A2013.P3', 'Information Technologies', '1', 'en_us', 'admin', '2015-03-17 00:00:00');

INSERT INTO OSYL2_SYLLABUSELEMENT(SYLLABUSELEMENT_ID, PARENT, RUBRIC_ID, TEMPLATEELEMENT_ID, SYLLABUS_ID, DISPLAYORDER, DISPLAYPAGE, PAGE_TITLE, SHAREABLE, PUBLICELEMENT, STUDENTAVAILABILITY, LASTMODIFIEDDATE, LASTMODIFIEDBY) VALUES ('2001', NULL, NULL, '1', '1001','1', b'1', 'Presentation', b'1', b'1', '2015-03-17 00:00:00', '2015-03-17 00:00:00', 'admin');
INSERT INTO OSYL2_SYLLABUSELEMENT(SYLLABUSELEMENT_ID, PARENT, RUBRIC_ID, TEMPLATEELEMENT_ID, SYLLABUS_ID, DISPLAYORDER, DISPLAYPAGE, PAGE_TITLE, SHAREABLE, PUBLICELEMENT, STUDENTAVAILABILITY, LASTMODIFIEDDATE, LASTMODIFIEDBY) VALUES ('2002', '2001', '2', '2', NULL,'2', b'0', NULL, b'1', b'1', '2015-03-17 00:00:00', '2015-03-17 00:00:00', 'admin');
INSERT INTO OSYL2_SYLLABUSELEMENT(SYLLABUSELEMENT_ID, PARENT, RUBRIC_ID, TEMPLATEELEMENT_ID, SYLLABUS_ID, DISPLAYORDER, DISPLAYPAGE, PAGE_TITLE, SHAREABLE, PUBLICELEMENT, STUDENTAVAILABILITY, LASTMODIFIEDDATE, LASTMODIFIEDBY) VALUES ('2003', '2001', '4', '2', NULL,'3', b'0', NULL, b'1', b'1', '2015-03-17 00:00:00', '2015-03-17 00:00:00', 'admin');
INSERT INTO OSYL2_SYLLABUSELEMENT(SYLLABUSELEMENT_ID, PARENT, RUBRIC_ID, TEMPLATEELEMENT_ID, SYLLABUS_ID, DISPLAYORDER, DISPLAYPAGE, PAGE_TITLE, SHAREABLE, PUBLICELEMENT, STUDENTAVAILABILITY, LASTMODIFIEDDATE, LASTMODIFIEDBY) VALUES ('2004', NULL, NULL, '5', '1001','4', b'1', 'Contact Information', b'1', b'1', '2015-03-17 00:00:00', '2015-03-17 00:00:00', 'admin');
INSERT INTO OSYL2_SYLLABUSELEMENT(SYLLABUSELEMENT_ID, PARENT, RUBRIC_ID, TEMPLATEELEMENT_ID, SYLLABUS_ID, DISPLAYORDER, DISPLAYPAGE, PAGE_TITLE, SHAREABLE, PUBLICELEMENT, STUDENTAVAILABILITY, LASTMODIFIEDDATE, LASTMODIFIEDBY) VALUES ('2005', '2004', '5', '6', NULL,'5', b'0', NULL, b'1', b'1', '2015-03-17 00:00:00', '2015-03-17 00:00:00', 'admin');
INSERT INTO OSYL2_SYLLABUSELEMENT(SYLLABUSELEMENT_ID, PARENT, RUBRIC_ID, TEMPLATEELEMENT_ID, SYLLABUS_ID, DISPLAYORDER, DISPLAYPAGE, PAGE_TITLE, SHAREABLE, PUBLICELEMENT, STUDENTAVAILABILITY, LASTMODIFIEDDATE, LASTMODIFIEDBY) VALUES ('2006', '2004', '9', '6', NULL,'6', b'0', NULL, b'1', b'1', '2015-03-17 00:00:00', '2015-03-17 00:00:00', 'admin');
INSERT INTO OSYL2_SYLLABUSELEMENT(SYLLABUSELEMENT_ID, PARENT, RUBRIC_ID, TEMPLATEELEMENT_ID, SYLLABUS_ID, DISPLAYORDER, DISPLAYPAGE, PAGE_TITLE, SHAREABLE, PUBLICELEMENT, STUDENTAVAILABILITY, LASTMODIFIEDDATE, LASTMODIFIEDBY) VALUES ('2007', '2004', '6', '6', NULL,'7', b'0', NULL, b'1', b'1', '2015-03-17 00:00:00', '2015-03-17 00:00:00', 'admin');
INSERT INTO OSYL2_SYLLABUSELEMENT(SYLLABUSELEMENT_ID, PARENT, RUBRIC_ID, TEMPLATEELEMENT_ID, SYLLABUS_ID, DISPLAYORDER, DISPLAYPAGE, PAGE_TITLE, SHAREABLE, PUBLICELEMENT, STUDENTAVAILABILITY, LASTMODIFIEDDATE, LASTMODIFIEDBY) VALUES ('2008', NULL, NULL, '7', '1001', '8', b'1', 'Learning Material', b'1', b'1', '2015-03-18 00:00:00', '2015-03-18 00:00:00', 'admin');
INSERT INTO OSYL2_SYLLABUSELEMENT(SYLLABUSELEMENT_ID, PARENT, RUBRIC_ID, TEMPLATEELEMENT_ID, SYLLABUS_ID, DISPLAYORDER, DISPLAYPAGE, PAGE_TITLE, SHAREABLE, PUBLICELEMENT, STUDENTAVAILABILITY, LASTMODIFIEDDATE, LASTMODIFIEDBY) VALUES ('2009', NULL, NULL, '12', '1001', '9', b'1', 'Evaluations', b'1', b'1', '2015-03-18 00:00:00', '2015-03-18 00:00:00', 'admin');
INSERT INTO OSYL2_SYLLABUSELEMENT(SYLLABUSELEMENT_ID, PARENT, RUBRIC_ID, TEMPLATEELEMENT_ID, SYLLABUS_ID, DISPLAYORDER, DISPLAYPAGE, PAGE_TITLE, SHAREABLE, PUBLICELEMENT, STUDENTAVAILABILITY, LASTMODIFIEDDATE, LASTMODIFIEDBY) VALUES ('20010', '2009', NULL, '13', NULL ,'10', b'1', 'Team Project', b'1', b'1', '2015-03-18 00:00:00', '2015-03-18 00:00:00', 'admin');
INSERT INTO OSYL2_SYLLABUSELEMENT(SYLLABUSELEMENT_ID, PARENT, RUBRIC_ID, TEMPLATEELEMENT_ID, SYLLABUS_ID, DISPLAYORDER, DISPLAYPAGE, PAGE_TITLE, SHAREABLE, PUBLICELEMENT, STUDENTAVAILABILITY, LASTMODIFIEDDATE, LASTMODIFIEDBY) VALUES ('20011', '20010', '2', '14', NULL,'11', b'0', NULL, b'1', b'1', '2015-03-18 00:00:00', '2015-03-18 00:00:00', 'admin');
INSERT INTO OSYL2_SYLLABUSELEMENT(SYLLABUSELEMENT_ID, PARENT, RUBRIC_ID, TEMPLATEELEMENT_ID, SYLLABUS_ID, DISPLAYORDER, DISPLAYPAGE, PAGE_TITLE, SHAREABLE, PUBLICELEMENT, STUDENTAVAILABILITY, LASTMODIFIEDDATE, LASTMODIFIEDBY) VALUES ('20012', '20010', '2', '16', NULL,'12', b'0', NULL, b'1', b'0', '2015-03-18 00:00:00', '2015-03-18 00:00:00', 'admin');
INSERT INTO OSYL2_SYLLABUSELEMENT(SYLLABUSELEMENT_ID, PARENT, RUBRIC_ID, TEMPLATEELEMENT_ID, SYLLABUS_ID, DISPLAYORDER, DISPLAYPAGE, PAGE_TITLE, SHAREABLE, PUBLICELEMENT, STUDENTAVAILABILITY, LASTMODIFIEDDATE, LASTMODIFIEDBY) VALUES ('20013', '20010', '2', '16', NULL,'13', b'0', NULL, b'1', b'0', '2015-03-18 00:00:00', '2015-03-18 00:00:00', 'admin');
INSERT INTO OSYL2_SYLLABUSELEMENT(SYLLABUSELEMENT_ID, PARENT, RUBRIC_ID, TEMPLATEELEMENT_ID, SYLLABUS_ID, DISPLAYORDER, DISPLAYPAGE, PAGE_TITLE, SHAREABLE, PUBLICELEMENT, STUDENTAVAILABILITY, LASTMODIFIEDDATE, LASTMODIFIEDBY) VALUES ('20014', '2009', NULL, '13', NULL,'14', b'1', 'Class Contribution', b'1', b'1', '2015-03-18 00:00:00', '2015-03-18 00:00:00', 'admin');
INSERT INTO OSYL2_SYLLABUSELEMENT(SYLLABUSELEMENT_ID, PARENT, RUBRIC_ID, TEMPLATEELEMENT_ID, SYLLABUS_ID, DISPLAYORDER, DISPLAYPAGE, PAGE_TITLE, SHAREABLE, PUBLICELEMENT, STUDENTAVAILABILITY, LASTMODIFIEDDATE, LASTMODIFIEDBY) VALUES ('20015', '20014', '2', '14', NULL,'15', b'0', NULL, b'1', b'1', '2015-03-18 00:00:00', '2015-03-18 00:00:00', 'admin');
INSERT INTO OSYL2_SYLLABUSELEMENT(SYLLABUSELEMENT_ID, PARENT, RUBRIC_ID, TEMPLATEELEMENT_ID, SYLLABUS_ID, DISPLAYORDER, DISPLAYPAGE, PAGE_TITLE, SHAREABLE, PUBLICELEMENT, STUDENTAVAILABILITY, LASTMODIFIEDDATE, LASTMODIFIEDBY) VALUES ('20016', '2009', NULL, '13', NULL,'16', b'1', 'Final Exam', b'1', b'1', '2015-03-18 00:00:00', '2015-03-18 00:00:00', 'admin');
INSERT INTO OSYL2_SYLLABUSELEMENT(SYLLABUSELEMENT_ID, PARENT, RUBRIC_ID, TEMPLATEELEMENT_ID, SYLLABUS_ID, DISPLAYORDER, DISPLAYPAGE, PAGE_TITLE, SHAREABLE, PUBLICELEMENT, STUDENTAVAILABILITY, LASTMODIFIEDDATE, LASTMODIFIEDBY) VALUES ('20017', '20016', '2', '14', NULL,'17', b'0', NULL, b'1', b'1', '2015-03-18 00:00:00', '2015-03-18 00:00:00', 'admin');
INSERT INTO OSYL2_SYLLABUSELEMENT(SYLLABUSELEMENT_ID, PARENT, RUBRIC_ID, TEMPLATEELEMENT_ID, SYLLABUS_ID, DISPLAYORDER, DISPLAYPAGE, PAGE_TITLE, SHAREABLE, PUBLICELEMENT, STUDENTAVAILABILITY, LASTMODIFIEDDATE, LASTMODIFIEDBY) VALUES ('20018', NULL, NULL, '19', '1001','18', b'1', 'Course Organisation', b'1', b'1', '2015-03-18 00:00:00', '2015-03-18 00:00:00', 'admin');
INSERT INTO OSYL2_SYLLABUSELEMENT(SYLLABUSELEMENT_ID, PARENT, RUBRIC_ID, TEMPLATEELEMENT_ID, SYLLABUS_ID, DISPLAYORDER, DISPLAYPAGE, PAGE_TITLE, SHAREABLE, PUBLICELEMENT, STUDENTAVAILABILITY, LASTMODIFIEDDATE, LASTMODIFIEDBY) VALUES ('20019', '20018', NULL, '20', NULL,'19', b'1', 'IT as a lever of organizational transformation', b'1', b'1', '2015-03-18 00:00:00', '2015-03-18 00:00:00', 'admin');
INSERT INTO OSYL2_SYLLABUSELEMENT(SYLLABUSELEMENT_ID, PARENT, RUBRIC_ID, TEMPLATEELEMENT_ID, SYLLABUS_ID, DISPLAYORDER, DISPLAYPAGE, PAGE_TITLE, SHAREABLE, PUBLICELEMENT, STUDENTAVAILABILITY, LASTMODIFIEDDATE, LASTMODIFIEDBY) VALUES ('20020', '20019', '2', '23', NULL,'20', b'0', NULL, b'1', b'1', '2015-03-18 00:00:00', '2015-03-18 00:00:00', 'admin');
INSERT INTO OSYL2_SYLLABUSELEMENT(SYLLABUSELEMENT_ID, PARENT, RUBRIC_ID, TEMPLATEELEMENT_ID, SYLLABUS_ID, DISPLAYORDER, DISPLAYPAGE, PAGE_TITLE, SHAREABLE, PUBLICELEMENT, STUDENTAVAILABILITY, LASTMODIFIEDDATE, LASTMODIFIEDBY) VALUES ('20021', '20019', '2', '26', NULL,'21', b'0', NULL, b'1', b'1', '2015-03-18 00:00:00', '2015-03-18 00:00:00', 'admin');
INSERT INTO OSYL2_SYLLABUSELEMENT(SYLLABUSELEMENT_ID, PARENT, RUBRIC_ID, TEMPLATEELEMENT_ID, SYLLABUS_ID, DISPLAYORDER, DISPLAYPAGE, PAGE_TITLE, SHAREABLE, PUBLICELEMENT, STUDENTAVAILABILITY, LASTMODIFIEDDATE, LASTMODIFIEDBY) VALUES ('20022', '20019', '2', '26', NULL,'22', b'0', NULL, b'1', b'1', '2015-03-18 00:00:00', '2015-03-18 00:00:00', 'admin');
INSERT INTO OSYL2_SYLLABUSELEMENT(SYLLABUSELEMENT_ID, PARENT, RUBRIC_ID, TEMPLATEELEMENT_ID, SYLLABUS_ID, DISPLAYORDER, DISPLAYPAGE, PAGE_TITLE, SHAREABLE, PUBLICELEMENT, STUDENTAVAILABILITY, LASTMODIFIEDDATE, LASTMODIFIEDBY) VALUES ('20023', '20019', '20', '26', NULL,'23', b'0', NULL, b'1', b'1', '2015-03-18 00:00:00', '2015-03-18 00:00:00', 'admin');
INSERT INTO OSYL2_SYLLABUSELEMENT(SYLLABUSELEMENT_ID, PARENT, RUBRIC_ID, TEMPLATEELEMENT_ID, SYLLABUS_ID, DISPLAYORDER, DISPLAYPAGE, PAGE_TITLE, SHAREABLE, PUBLICELEMENT, STUDENTAVAILABILITY, LASTMODIFIEDDATE, LASTMODIFIEDBY) VALUES ('20024', '20019', '20', '25', NULL,'24', b'0', NULL, b'1', b'1', '2015-03-18 00:00:00', '2015-03-18 00:00:00', 'admin');
INSERT INTO OSYL2_SYLLABUSELEMENT(SYLLABUSELEMENT_ID, PARENT, RUBRIC_ID, TEMPLATEELEMENT_ID, SYLLABUS_ID, DISPLAYORDER, DISPLAYPAGE, PAGE_TITLE, SHAREABLE, PUBLICELEMENT, STUDENTAVAILABILITY, LASTMODIFIEDDATE, LASTMODIFIEDBY) VALUES ('20025', '20019', '20', '25', NULL,'25', b'0', NULL, b'1', b'1', '2015-03-18 00:00:00', '2015-03-18 00:00:00', 'admin');
INSERT INTO OSYL2_SYLLABUSELEMENT(SYLLABUSELEMENT_ID, PARENT, RUBRIC_ID, TEMPLATEELEMENT_ID, SYLLABUS_ID, DISPLAYORDER, DISPLAYPAGE, PAGE_TITLE, SHAREABLE, PUBLICELEMENT, STUDENTAVAILABILITY, LASTMODIFIEDDATE, LASTMODIFIEDBY) VALUES ('20026', '20018', NULL, '20', NULL,'26', b'1', 'Strategic IT Alignment', b'1', b'1', '2015-03-18 00:00:00', '2015-03-18 00:00:00', 'admin');
INSERT INTO OSYL2_SYLLABUSELEMENT(SYLLABUSELEMENT_ID, PARENT, RUBRIC_ID, TEMPLATEELEMENT_ID, SYLLABUS_ID, DISPLAYORDER, DISPLAYPAGE, PAGE_TITLE, SHAREABLE, PUBLICELEMENT, STUDENTAVAILABILITY, LASTMODIFIEDDATE, LASTMODIFIEDBY) VALUES ('20027', '20026', '19', '25', NULL,'27', b'0', NULL, b'1', b'1', '2015-03-18 00:00:00', '2015-03-18 00:00:00', 'admin');
INSERT INTO OSYL2_SYLLABUSELEMENT(SYLLABUSELEMENT_ID, PARENT, RUBRIC_ID, TEMPLATEELEMENT_ID, SYLLABUS_ID, DISPLAYORDER, DISPLAYPAGE, PAGE_TITLE, SHAREABLE, PUBLICELEMENT, STUDENTAVAILABILITY, LASTMODIFIEDDATE, LASTMODIFIEDBY) VALUES ('20028', '20026', '2', '23', NULL,'28', b'0', NULL, b'1', b'1', '2015-03-18 00:00:00', '2015-03-18 00:00:00', 'admin');
INSERT INTO OSYL2_SYLLABUSELEMENT(SYLLABUSELEMENT_ID, PARENT, RUBRIC_ID, TEMPLATEELEMENT_ID, SYLLABUS_ID, DISPLAYORDER, DISPLAYPAGE, PAGE_TITLE, SHAREABLE, PUBLICELEMENT, STUDENTAVAILABILITY, LASTMODIFIEDDATE, LASTMODIFIEDBY) VALUES ('20029', '20026', '20', '23', NULL,'29', b'0', NULL, b'1', b'1', '2015-03-18 00:00:00', '2015-03-18 00:00:00', 'admin');
INSERT INTO OSYL2_SYLLABUSELEMENT(SYLLABUSELEMENT_ID, PARENT, RUBRIC_ID, TEMPLATEELEMENT_ID, SYLLABUS_ID, DISPLAYORDER, DISPLAYPAGE, PAGE_TITLE, SHAREABLE, PUBLICELEMENT, STUDENTAVAILABILITY, LASTMODIFIEDDATE, LASTMODIFIEDBY) VALUES ('20030', '20026', '20', '25', NULL,'30', b'0', NULL, b'1', b'1', '2015-03-18 00:00:00', '2015-03-18 00:00:00', 'admin');
INSERT INTO OSYL2_SYLLABUSELEMENT(SYLLABUSELEMENT_ID, PARENT, RUBRIC_ID, TEMPLATEELEMENT_ID, SYLLABUS_ID, DISPLAYORDER, DISPLAYPAGE, PAGE_TITLE, SHAREABLE, PUBLICELEMENT, STUDENTAVAILABILITY, LASTMODIFIEDDATE, LASTMODIFIEDBY) VALUES ('20031', '20026', '20', '26', NULL,'31', b'0', NULL, b'1', b'1', '2015-03-19 00:00:00', '2015-03-19 00:00:00', 'admin');

INSERT INTO osyl2_syllabuselementattribute(ELEMENT_ID,NAME,VALUE) VALUES ('2002', 'text', '<div class=\"divForToolbar\">\r\n                    <p>Information systems constitute an important change lever for reinventing the structure, operation and management of organizations. Managers must be able to integrate IT into their management plan. The questions that must be answered to leverage systems cannot be answered by technical specialists alone. Although it may easier to let technical staff make these decisions, it is not a particularly effective means of success. </p>\r\n                    <p></p>\r\n                    <p>The objectives of the course are therefore to:</p>\r\n                    <ul>\r\n                      <li>Familiarize participants with different information technologies; </li>\r\n                      <li>Show how these technologies can be used to increase organizational productivity; </li>\r\n                      <li>Study the impacts IT can have on the functioning of the organization; </li>\r\n                      <li>Identify best practices for implementing and managing IT; </li>\r\n                      <li>Understand how IT integrates with other activities and business units in the firm; </li>\r\n                      <li>Identify ATTRIBUTEKEY IT decisions, understand what they imply, and become familiar with how firms have organised to make these decisions. </li>\r\n                    </ul>\r\n                    <p></p>\r\n                    <p>At the end of the course, participants will understand the links which exist between an organization''s strategy, the organization''s design, the organization''s information and information technologies. They will be able to see how IT transforms the organization. At the end of the course the participant should have internalized a framework for analyzing the way IT is managed in an organization and should be able to use this framework to structure a discussion with senior executives of the organization.</p>\r\n                    <p></p>\r\n                    <p>This course will require participants to gain a certain level of IT knowledge which is required for all managers. That is, an understanding of IT vocabulary and jargon, an understanding of what is an IT solution, how it should be managed, and the impact of IT on the organization.</p>\r\n                  </div>');
INSERT INTO osyl2_syllabuselementattribute(ELEMENT_ID,NAME,VALUE) VALUES ('2002', 'visible', 'true');
INSERT INTO osyl2_syllabuselementattribute(ELEMENT_ID,NAME,VALUE) VALUES ('2002', 'importance', 'false');
INSERT INTO osyl2_syllabuselementattribute(ELEMENT_ID,NAME,VALUE) VALUES ('2002', 'modified', '2014-10-16T09:41:06-04:00');
INSERT INTO osyl2_syllabuselementattribute(ELEMENT_ID,NAME,VALUE) VALUES ('2003', 'visible', 'true');
INSERT INTO osyl2_syllabuselementattribute(ELEMENT_ID,NAME,VALUE) VALUES ('2003', 'importance', 'false');
INSERT INTO osyl2_syllabuselementattribute(ELEMENT_ID,NAME,VALUE) VALUES ('2003', 'text', '<DIV class=divForToolbar>\r\n                    <P>This course is based on the idea that we learn best when we are active in our learning and can confront our ideas with the ideas of others. The approach in this course includes:</P>\r\n                    <UL>\r\n                      <LI>The discussion of cases on the use of IT in large organizations who are leaders in their respective industries, </LI>\r\n                      <LI>The gradual development, by each participant, of the set of IT models and conceptual tools which will become important in their manager\s toolbox.<BR></LI>\r\n                    </UL>\r\n                    <P>This pedagogical approach requires an in-depth preparation of the case before each class and active participation from all class participants. The case preparation allows the participant to engage with a complex and real business situation and to test their knowledge gained by the preparatory readings and previous courses. This preparation is the cornerstone of the learning which happens in class. In general, the cases describe the impact that IT has had on an organization\s operations and the managerial decisions that were made to implement the technology. We expect that participants <U>contribute to the discussion in each class</U> by, for example:</P>\r\n                    <UL>\r\n                      <LI>Using and applying concepts presented in the assigned readings, </LI>\r\n                      <LI>Integrating the comments of in-class colleagues, </LI>\r\n                      <LI>Proposing and justifying contradictory opinions, </LI>\r\n                      <LI>Adding a pertinent point to a previously-stated idea, </LI>\r\n                      <LI>Making parallels with cases already discussed in class, </LI>\r\n                      <LI>Asking relevant questions, and </LI>\r\n                      <LI>Presenting personal experiences pertinent to the discussion.</LI>\r\n                    </UL>\r\n                  </DIV>');
INSERT INTO osyl2_syllabuselementattribute(ELEMENT_ID,NAME,VALUE) VALUES ('2003', 'modified', '2013-11-05T11:08:19-05:00');
INSERT INTO osyl2_syllabuselementattribute(ELEMENT_ID,NAME,VALUE) VALUES ('2005', 'modified', '2013-11-05T16:38:17-05:00');
INSERT INTO osyl2_syllabuselementattribute(ELEMENT_ID,NAME,VALUE) VALUES ('2005', 'visible', 'true');
INSERT INTO osyl2_syllabuselementattribute(ELEMENT_ID,NAME,VALUE) VALUES ('2005', 'person.access', 'public');
INSERT INTO osyl2_syllabuselementattribute(ELEMENT_ID,NAME,VALUE) VALUES ('2005', 'person.officeroom', '5.317 (Côte-Ste-Catherine building)');
INSERT INTO osyl2_syllabuselementattribute(ELEMENT_ID,NAME,VALUE) VALUES ('2005', 'person.title', 'Professor');
INSERT INTO osyl2_syllabuselementattribute(ELEMENT_ID,NAME,VALUE) VALUES ('2005', 'person.email', 'jean.talbot@hec.ca');
INSERT INTO osyl2_syllabuselementattribute(ELEMENT_ID,NAME,VALUE) VALUES ('2005', 'person.tel', '514-340-6494');
INSERT INTO osyl2_syllabuselementattribute(ELEMENT_ID,NAME,VALUE) VALUES ('2005', 'person.surname', 'Talbot');
INSERT INTO osyl2_syllabuselementattribute(ELEMENT_ID,NAME,VALUE) VALUES ('2005', 'person.firstname', 'Jean');
INSERT INTO osyl2_syllabuselementattribute(ELEMENT_ID,NAME,VALUE) VALUES ('2005', 'person.modified', '2013-11-05T16:38:17-05:00');
INSERT INTO osyl2_syllabuselementattribute(ELEMENT_ID,NAME,VALUE) VALUES ('2006', 'modified', '2013-11-05T11:08:19-05:00');
INSERT INTO osyl2_syllabuselementattribute(ELEMENT_ID,NAME,VALUE) VALUES ('2006', 'visible', 'true');
INSERT INTO osyl2_syllabuselementattribute(ELEMENT_ID,NAME,VALUE) VALUES ('2006', 'person.access', 'public');
INSERT INTO osyl2_syllabuselementattribute(ELEMENT_ID,NAME,VALUE) VALUES ('2006', 'person.officeroom', '4.624');
INSERT INTO osyl2_syllabuselementattribute(ELEMENT_ID,NAME,VALUE) VALUES ('2006', 'person.title', 'Secretary');
INSERT INTO osyl2_syllabuselementattribute(ELEMENT_ID,NAME,VALUE) VALUES ('2006', 'person.email', 'antonietta.florio@hec.ca');
INSERT INTO osyl2_syllabuselementattribute(ELEMENT_ID,NAME,VALUE) VALUES ('2006', 'person.tel', '514-340-6474');
INSERT INTO osyl2_syllabuselementattribute(ELEMENT_ID,NAME,VALUE) VALUES ('2006', 'person.surname', 'Florio');
INSERT INTO osyl2_syllabuselementattribute(ELEMENT_ID,NAME,VALUE) VALUES ('2006', 'person.firstname', 'Antonietta');
INSERT INTO osyl2_syllabuselementattribute(ELEMENT_ID,NAME,VALUE) VALUES ('2006', 'person.modified', '2013-11-05T11:08:19-05:00');
INSERT INTO osyl2_syllabuselementattribute(ELEMENT_ID,NAME,VALUE) VALUES ('2007', 'modified', '2013-11-05T16:38:38-05:00');
INSERT INTO osyl2_syllabuselementattribute(ELEMENT_ID,NAME,VALUE) VALUES ('2007', 'visible', 'true');
INSERT INTO osyl2_syllabuselementattribute(ELEMENT_ID,NAME,VALUE) VALUES ('2007', 'person.access', 'public');
INSERT INTO osyl2_syllabuselementattribute(ELEMENT_ID,NAME,VALUE) VALUES ('2007', 'person.officeroom', '5.317 (Côte-Ste-Catherine building)');
INSERT INTO osyl2_syllabuselementattribute(ELEMENT_ID,NAME,VALUE) VALUES ('2007', 'person.title', 'Professor');
INSERT INTO osyl2_syllabuselementattribute(ELEMENT_ID,NAME,VALUE) VALUES ('2007', 'person.email', 'jean.talbot@hec.ca');
INSERT INTO osyl2_syllabuselementattribute(ELEMENT_ID,NAME,VALUE) VALUES ('2007', 'person.tel', '514-340-6494');
INSERT INTO osyl2_syllabuselementattribute(ELEMENT_ID,NAME,VALUE) VALUES ('2007', 'person.surname', 'Talbot');
INSERT INTO osyl2_syllabuselementattribute(ELEMENT_ID,NAME,VALUE) VALUES ('2007', 'person.firstname', 'Jean');
INSERT INTO osyl2_syllabuselementattribute(ELEMENT_ID,NAME,VALUE) VALUES ('2007', 'person.modified', '2013-11-05T16:38:38-05:00');
INSERT INTO osyl2_syllabuselementattribute(ELEMENT_ID,NAME,VALUE) VALUES ('20010', 'modified', '2013-11-05T11:08:19-05:00');
INSERT INTO osyl2_syllabuselementattribute(ELEMENT_ID,NAME,VALUE) VALUES ('20010', 'sublission_type', 'elect');
INSERT INTO osyl2_syllabuselementattribute(ELEMENT_ID,NAME,VALUE) VALUES ('20010', 'weight', '30');
INSERT INTO osyl2_syllabuselementattribute(ELEMENT_ID,NAME,VALUE) VALUES ('20010', 'location', 'home');
INSERT INTO osyl2_syllabuselementattribute(ELEMENT_ID,NAME,VALUE) VALUES ('20010', 'label', 'Team project');
INSERT INTO osyl2_syllabuselementattribute(ELEMENT_ID,NAME,VALUE) VALUES ('20010', 'modality', 'written');
INSERT INTO osyl2_syllabuselementattribute(ELEMENT_ID,NAME,VALUE) VALUES ('20010', 'assessment_type', 'session_work');
INSERT INTO osyl2_syllabuselementattribute(ELEMENT_ID,NAME,VALUE) VALUES ('20010', 'mode', 'team');
INSERT INTO osyl2_syllabuselementattribute(ELEMENT_ID,NAME,VALUE) VALUES ('20011', 'modified', '2013-11-05T11:08:19-05:00');
INSERT INTO osyl2_syllabuselementattribute(ELEMENT_ID,NAME,VALUE) VALUES ('20011', 'importance', 'false');
INSERT INTO osyl2_syllabuselementattribute(ELEMENT_ID,NAME,VALUE) VALUES ('20011', 'visible', 'true');
INSERT INTO osyl2_syllabuselementattribute(ELEMENT_ID,NAME,VALUE) VALUES ('20011', 'text', '<div>You have two choices for the team project</div>\r\n                            <div>\r\n                              <ol>\r\n                                <li>HEC Montreal plans to introduce more and more fully online classes in the near future. One of the major problem with online classes is ensuring the integrity of the exam process. Obviously one way would be to ask students to come to a testing center. However, this approach is not very practical if we have students from many different countries. The School thus has asked me to find a technological solution to this problem. A number of companies claim to be able to solve this problem:</li>\r\n                                <ul>\r\n                                  <li>Software Secure</li>\r\n                                  <li>Respondus</li>\r\n                                  <li>Tegrity</li>\r\n                                  <li>ProctorU</li>\r\n                                  <li>Kryterion<br>\r\n                                    <span style=\"white-space: pre;\">\r\nWhat approach should I propose to the School?\r\n\r\n</span>\r\n                                  </li>\r\n                                </ul>\r\n                                <li>Choose asoftware product which is\r\ntargeted to and used by small-to-medium sized organizations. Your report should provide a complete picture of the product.</li>\r\n                              </ol>\r\n                            </div>\r\n                            <div>\r\n                              <br>\r\n                            </div>\r\n                              <div>Usually software is evaluated according to functional and non-functional attributes (see attached slides). However feel free to be creative.</div>\r\n                              <div>\r\n                                <br>\r\n                              </div>\r\n                                <div>The evaluation criteria are provided in the attached document.</div>');
INSERT INTO osyl2_syllabuselementattribute(ELEMENT_ID,NAME,VALUE) VALUES ('20012', 'importance', 'false');
INSERT INTO osyl2_syllabuselementattribute(ELEMENT_ID,NAME,VALUE) VALUES ('20012', 'visible', 'true');
INSERT INTO osyl2_syllabuselementattribute(ELEMENT_ID,NAME,VALUE) VALUES ('20012', 'displayAs', 'link');
INSERT INTO osyl2_syllabuselementattribute(ELEMENT_ID,NAME,VALUE) VALUES ('20012', 'label', 'Software selection attributes');
INSERT INTO osyl2_syllabuselementattribute(ELEMENT_ID,NAME,VALUE) VALUES ('20012', 'resource.type', 'slides');
INSERT INTO osyl2_syllabuselementattribute(ELEMENT_ID,NAME,VALUE) VALUES ('20012', 'resource.license', 'I hold copyright.');
INSERT INTO osyl2_syllabuselementattribute(ELEMENT_ID,NAME,VALUE) VALUES ('20012', 'resource.uri', '/group/52-701-02A.A2013.P3/Software Selection.pptx');
INSERT INTO osyl2_syllabuselementattribute(ELEMENT_ID,NAME,VALUE) VALUES ('20012', 'resource.modified', '2013-11-27T07:37:04-05:00');
INSERT INTO osyl2_syllabuselementattribute(ELEMENT_ID,NAME,VALUE) VALUES ('20013', 'resource', 'document');
INSERT INTO osyl2_syllabuselementattribute(ELEMENT_ID,NAME,VALUE) VALUES ('20013', 'visible', 'true');
INSERT INTO osyl2_syllabuselementattribute(ELEMENT_ID,NAME,VALUE) VALUES ('20013', 'importance', 'false');
INSERT INTO osyl2_syllabuselementattribute(ELEMENT_ID,NAME,VALUE) VALUES ('20013', 'displayAs', 'link');
INSERT INTO osyl2_syllabuselementattribute(ELEMENT_ID,NAME,VALUE) VALUES ('20013', 'label', 'Group Project Description and Evaluation Criteria');
INSERT INTO osyl2_syllabuselementattribute(ELEMENT_ID,NAME,VALUE) VALUES ('20013', 'resource', 'document');
INSERT INTO osyl2_syllabuselementattribute(ELEMENT_ID,NAME,VALUE) VALUES ('20013', 'resource.type', 'exercise');
INSERT INTO osyl2_syllabuselementattribute(ELEMENT_ID,NAME,VALUE) VALUES ('20013', 'resource.license', 'I hold copyright.');
INSERT INTO osyl2_syllabuselementattribute(ELEMENT_ID,NAME,VALUE) VALUES ('20013', 'resource.uri', '/group/52-701-02A.A2013.P3/Team_Project_Software_Report.docx');
INSERT INTO osyl2_syllabuselementattribute(ELEMENT_ID,NAME,VALUE) VALUES ('20013', 'resource.modified', '2013-11-27T07:22:12-05:00');
INSERT INTO osyl2_syllabuselementattribute(ELEMENT_ID,NAME,VALUE) VALUES ('20014', 'modified', '2013-11-05T11:08:19-05:00');
INSERT INTO osyl2_syllabuselementattribute(ELEMENT_ID,NAME,VALUE) VALUES ('20014', 'weight', '30');
INSERT INTO osyl2_syllabuselementattribute(ELEMENT_ID,NAME,VALUE) VALUES ('20014', 'location', 'inClass');
INSERT INTO osyl2_syllabuselementattribute(ELEMENT_ID,NAME,VALUE) VALUES ('20014', 'label', 'Class Contribution');
INSERT INTO osyl2_syllabuselementattribute(ELEMENT_ID,NAME,VALUE) VALUES ('20014', 'modality', 'oral');
INSERT INTO osyl2_syllabuselementattribute(ELEMENT_ID,NAME,VALUE) VALUES ('20014', 'assessmentType', 'participation');
INSERT INTO osyl2_syllabuselementattribute(ELEMENT_ID,NAME,VALUE) VALUES ('20014', 'mode', 'individual');
INSERT INTO osyl2_syllabuselementattribute(ELEMENT_ID,NAME,VALUE) VALUES ('20015', 'modified', '2013-11-05T11:08:19-05:00');
INSERT INTO osyl2_syllabuselementattribute(ELEMENT_ID,NAME,VALUE) VALUES ('20015', 'importance', 'false');
INSERT INTO osyl2_syllabuselementattribute(ELEMENT_ID,NAME,VALUE) VALUES ('20015', 'visible', 'true');
INSERT INTO osyl2_syllabuselementattribute(ELEMENT_ID,NAME,VALUE) VALUES ('20015', 'text', '<P>Quality of contributions will be assessed based on:</P>\r\n                                        <UL>\r\n                                          <LI>Contribution to the class Forum (on ZoneCours2.0), posted bymidnight the day before class <BR>\r\n                                        </LI>\r\n                                          <LI>Contribution to the in-class discussions</LI>\r\n                                        </UL>');
INSERT INTO osyl2_syllabuselementattribute(ELEMENT_ID,NAME,VALUE) VALUES ('20016', 'modified', '2013-11-05T11:08:19-05:00');
INSERT INTO osyl2_syllabuselementattribute(ELEMENT_ID,NAME,VALUE) VALUES ('20016', 'submission_type', 'elect');
INSERT INTO osyl2_syllabuselementattribute(ELEMENT_ID,NAME,VALUE) VALUES ('20016', 'weight', '40');
INSERT INTO osyl2_syllabuselementattribute(ELEMENT_ID,NAME,VALUE) VALUES ('20016', 'location', 'home/inClass');
INSERT INTO osyl2_syllabuselementattribute(ELEMENT_ID,NAME,VALUE) VALUES ('20016', 'label', 'Final Exam');
INSERT INTO osyl2_syllabuselementattribute(ELEMENT_ID,NAME,VALUE) VALUES ('20016', 'modality', 'written');
INSERT INTO osyl2_syllabuselementattribute(ELEMENT_ID,NAME,VALUE) VALUES ('20016', 'assessment_type', 'final_exam');
INSERT INTO osyl2_syllabuselementattribute(ELEMENT_ID,NAME,VALUE) VALUES ('20016', 'mode', 'individual');
INSERT INTO osyl2_syllabuselementattribute(ELEMENT_ID,NAME,VALUE) VALUES ('20017', 'modified', '2013-11-05T11:08:19-05:00');
INSERT INTO osyl2_syllabuselementattribute(ELEMENT_ID,NAME,VALUE) VALUES ('20017', 'importance', 'false');
INSERT INTO osyl2_syllabuselementattribute(ELEMENT_ID,NAME,VALUE) VALUES ('20017', 'visible', 'true');
INSERT INTO osyl2_syllabuselementattribute(ELEMENT_ID,NAME,VALUE) VALUES ('20017', 'text', 'The final exam may cover material from all 6 sessions.');
INSERT INTO osyl2_syllabuselementattribute(ELEMENT_ID,NAME,VALUE) VALUES ('20019', 'modified', '2013-11-05T11:08:19-05:00');
INSERT INTO osyl2_syllabuselementattribute(ELEMENT_ID,NAME,VALUE) VALUES ('20019', 'prefix', '1');
INSERT INTO osyl2_syllabuselementattribute(ELEMENT_ID,NAME,VALUE) VALUES ('20019', 'label', 'IT as a lever of organizational transformation');
INSERT INTO osyl2_syllabuselementattribute(ELEMENT_ID,NAME,VALUE) VALUES ('20020', 'modified', '2013-11-12T12:01:03-05:00');
INSERT INTO osyl2_syllabuselementattribute(ELEMENT_ID,NAME,VALUE) VALUES ('20020', 'importance', 'false');
INSERT INTO osyl2_syllabuselementattribute(ELEMENT_ID,NAME,VALUE) VALUES ('20020', 'visible', 'true');
INSERT INTO osyl2_syllabuselementattribute(ELEMENT_ID,NAME,VALUE) VALUES ('20020', 'text', '<ul>\r\n                                            <li>Course overview </li>\r\n                                            <li>Why have an MBA course on IT? </li>\r\n                                            <li>IT as a lever for organizational transformation </li>\r\n                                            <li>Business process and business model transformation : The case of Amazon.com</li>\r\n                                            <li>Principal challenges of IT management </li>\r\n                                            <li>The role of managers </li>\r\n                                            <li>Definition and classification of technologies </li>\r\n                                            <li>IT trends</li>\r\n                                          </ul>');
INSERT INTO osyl2_syllabuselementattribute(ELEMENT_ID,NAME,VALUE) VALUES ('20021', 'modified', '2013-11-12T18:20:29-05:00');
INSERT INTO osyl2_syllabuselementattribute(ELEMENT_ID,NAME,VALUE) VALUES ('20021', 'importance', 'false');
INSERT INTO osyl2_syllabuselementattribute(ELEMENT_ID,NAME,VALUE) VALUES ('20021', 'visible', 'true');
INSERT INTO osyl2_syllabuselementattribute(ELEMENT_ID,NAME,VALUE) VALUES ('20021', 'resource', 'BiblioResource');
INSERT INTO osyl2_syllabuselementattribute(ELEMENT_ID,NAME,VALUE) VALUES ('20021', 'resource.journal', 'Harvard Business Review');
INSERT INTO osyl2_syllabuselementattribute(ELEMENT_ID,NAME,VALUE) VALUES ('20021', 'resource.author', 'Ross, J.W. and Weill, P.');
INSERT INTO osyl2_syllabuselementattribute(ELEMENT_ID,NAME,VALUE) VALUES ('20021', 'resource.title', 'Six Decisions Your IT People Shouldn''t Make');
INSERT INTO osyl2_syllabuselementattribute(ELEMENT_ID,NAME,VALUE) VALUES ('20021', 'resource.type', 'professional_article');
INSERT INTO osyl2_syllabuselementattribute(ELEMENT_ID,NAME,VALUE) VALUES ('20021', 'resource.pages', '84-92');
INSERT INTO osyl2_syllabuselementattribute(ELEMENT_ID,NAME,VALUE) VALUES ('20021', 'resource.issue', '11');
INSERT INTO osyl2_syllabuselementattribute(ELEMENT_ID,NAME,VALUE) VALUES ('20021', 'resource.volume', '80');
INSERT INTO osyl2_syllabuselementattribute(ELEMENT_ID,NAME,VALUE) VALUES ('20021', 'resource.year', '2002');
INSERT INTO osyl2_syllabuselementattribute(ELEMENT_ID,NAME,VALUE) VALUES ('20021', 'resource.library', 'http://gutenberg.hec.ca:3210/sfxlcl3?url_ver=Z39.88-2004url_tim=2013-11-12url_ctx_fmt=info%3Aofi%2Ffmt%3Akev%3Amtx%3Actxctx_id=Z39.88-2004ctx_enc=UTF-8rft.genre=journalrft.atitle=Six+Decisions+Your+IT+People+Shouldn%27t+Makerft.issue=11rft.pages=84-92rft.volume=80rft.jtitle=Harvard+Business+Reviewrft.date=2002rft.au=Ross%2C+J.W.+and+Weill%2C+P.');
INSERT INTO osyl2_syllabuselementattribute(ELEMENT_ID,NAME,VALUE) VALUES ('20021', 'resource.uri', '/group/52-701-02A.A2013.P3/Références bibliographiques du cours/5adf8cee-3627-49a3-bb2d-a76fe8a673db');
INSERT INTO osyl2_syllabuselementattribute(ELEMENT_ID,NAME,VALUE) VALUES ('20021', 'type', 'article');
INSERT INTO osyl2_syllabuselementattribute(ELEMENT_ID,NAME,VALUE) VALUES ('20021', 'modified', '2013-11-05T11:08:19-05:00');
INSERT INTO osyl2_syllabuselementattribute(ELEMENT_ID,NAME,VALUE) VALUES ('20022', 'modified', '2013-11-12T18:21:00-05:00');
INSERT INTO osyl2_syllabuselementattribute(ELEMENT_ID,NAME,VALUE) VALUES ('20022', 'importance', 'false');
INSERT INTO osyl2_syllabuselementattribute(ELEMENT_ID,NAME,VALUE) VALUES ('20022', 'visible', 'true');
INSERT INTO osyl2_syllabuselementattribute(ELEMENT_ID,NAME,VALUE) VALUES ('20022', 'resource', 'BiblioResource');
INSERT INTO osyl2_syllabuselementattribute(ELEMENT_ID,NAME,VALUE) VALUES ('20022', 'resource.journal', 'Harvard Business Review');
INSERT INTO osyl2_syllabuselementattribute(ELEMENT_ID,NAME,VALUE) VALUES ('20022', 'resource.author', 'McAfee, A.');
INSERT INTO osyl2_syllabuselementattribute(ELEMENT_ID,NAME,VALUE) VALUES ('20022', 'resource.title', 'Mastering the Three Worlds of Information Technology');
INSERT INTO osyl2_syllabuselementattribute(ELEMENT_ID,NAME,VALUE) VALUES ('20022', 'resource.type', 'professional_article');
INSERT INTO osyl2_syllabuselementattribute(ELEMENT_ID,NAME,VALUE) VALUES ('20022', 'resource.pages', '141-149');
INSERT INTO osyl2_syllabuselementattribute(ELEMENT_ID,NAME,VALUE) VALUES ('20022', 'resource.issue', '11');
INSERT INTO osyl2_syllabuselementattribute(ELEMENT_ID,NAME,VALUE) VALUES ('20022', 'resource.volume', '84');
INSERT INTO osyl2_syllabuselementattribute(ELEMENT_ID,NAME,VALUE) VALUES ('20022', 'resource.year', '2006');
INSERT INTO osyl2_syllabuselementattribute(ELEMENT_ID,NAME,VALUE) VALUES ('20022', 'resource.library', 'http://gutenberg.hec.ca:3210/sfxlcl3?url_ver=Z39.88-2004url_tim=2013-11-12url_ctx_fmt=info%3Aofi%2Ffmt%3Akev%3Amtx%3Actxctx_id=Z39.88-2004ctx_enc=UTF-8rft.genre=journalrft.atitle=Mastering+the+Three+Worlds+of+Information+Technologyrft.issue=11rft.pages=141-149rft.volume=84rft.jtitle=Harvard+Business+Reviewrft.date=2006rft.au=McAfee%2C+A.');
INSERT INTO osyl2_syllabuselementattribute(ELEMENT_ID,NAME,VALUE) VALUES ('20022', 'resource.uri', '/group/52-701-02A.A2013.P3/Références bibliographiques du cours/150a0619-a5a4-402b-bef5-4e2b187fd865');
INSERT INTO osyl2_syllabuselementattribute(ELEMENT_ID,NAME,VALUE) VALUES ('20022', 'type', 'article');
INSERT INTO osyl2_syllabuselementattribute(ELEMENT_ID,NAME,VALUE) VALUES ('20022', 'modified', '2013-11-05T11:08:19-05:00');
INSERT INTO osyl2_syllabuselementattribute(ELEMENT_ID,NAME,VALUE) VALUES ('20023', 'importance', 'true');
INSERT INTO osyl2_syllabuselementattribute(ELEMENT_ID,NAME,VALUE) VALUES ('20023', 'visible', 'true');
INSERT INTO osyl2_syllabuselementattribute(ELEMENT_ID,NAME,VALUE) VALUES ('20023', 'text', '<b>Assignment</b>\r\n                                              <div>\r\n                                                <b>\r\n                                                  <br>\r\n                                                </b>\r\n                                              </div>\r\n                                                <div>\r\n                                                  <span style=\"font-family: ''Helvetica Neue'', Arial, sans-serif; font-size: 13px;\">For class 1, please read Chapters 1 to 3 of:</span>\r\n                                                  <br style=\"font-family: ''Helvetica Neue'', Arial, sans-serif; font-size: 13px;\">\r\n                                                    <span style=\"font-family: ''Helvetica Neue'', Arial, sans-serif; font-size: 13px;\">\"The Adventures of an IT Leader\"</span>\r\n                                                    <span style=\"font-family: ''Helvetica Neue'', Arial, sans-serif; font-size: 13px;\"></span>\r\n                                                    <br>\r\n                                                      <span style=\"font-family: ''Helvetica Neue'', Arial, sans-serif; font-size: 13px;\">R. Austin, R. Nolan, S. O''Donnell</span>\r\n                                                      <br style=\"font-family: ''Helvetica Neue'', Arial, sans-serif; font-size: 13px;\">\r\n                                                        <br>\r\n                                                          <span style=\"font-family: ''Helvetica Neue'', Arial, sans-serif; font-size: 13px;\">Also answer one of the 4 questions posted on the ZoneCours Forum before midnight the day before class.</span>\r\n                                                          <br style=\"font-family: ''Helvetica Neue'', Arial, sans-serif; font-size: 13px;\">\r\n                                                        </div>');
INSERT INTO osyl2_syllabuselementattribute(ELEMENT_ID,NAME,VALUE) VALUES ('20024', 'importance', 'false');
INSERT INTO osyl2_syllabuselementattribute(ELEMENT_ID,NAME,VALUE) VALUES ('20024', 'visible', 'true');
INSERT INTO osyl2_syllabuselementattribute(ELEMENT_ID,NAME,VALUE) VALUES ('20024', 'displayAs', 'link');
INSERT INTO osyl2_syllabuselementattribute(ELEMENT_ID,NAME,VALUE) VALUES ('20024', 'label', 'Adventure of an IT Leader - Chapter 1: The New CIO');
INSERT INTO osyl2_syllabuselementattribute(ELEMENT_ID,NAME,VALUE) VALUES ('20024', 'resource.type', 'book_chapter');
INSERT INTO osyl2_syllabuselementattribute(ELEMENT_ID,NAME,VALUE) VALUES ('20024', 'resource.uri', 'https://cb.hbsp.harvard.edu/cb/pl/23039738/23040210/e856263eeb16d6908dcaedaf0bce9a68');
INSERT INTO osyl2_syllabuselementattribute(ELEMENT_ID,NAME,VALUE) VALUES ('20024', 'resource.modified', '2013-11-13T17:39:36-05:00');
INSERT INTO osyl2_syllabuselementattribute(ELEMENT_ID,NAME,VALUE) VALUES ('20025', 'modified', '2013-11-13T17:38:46-05:00');
INSERT INTO osyl2_syllabuselementattribute(ELEMENT_ID,NAME,VALUE) VALUES ('20025', 'importance', 'false');
INSERT INTO osyl2_syllabuselementattribute(ELEMENT_ID,NAME,VALUE) VALUES ('20025', 'visible', 'true');
INSERT INTO osyl2_syllabuselementattribute(ELEMENT_ID,NAME,VALUE) VALUES ('20025', 'displayAs', 'link');
INSERT INTO osyl2_syllabuselementattribute(ELEMENT_ID,NAME,VALUE) VALUES ('20025', 'label', 'Adventure of an IT Leader - Chapter 2: CIO Challenges');
INSERT INTO osyl2_syllabuselementattribute(ELEMENT_ID,NAME,VALUE) VALUES ('20025', 'resource.type', 'book_chapter');
INSERT INTO osyl2_syllabuselementattribute(ELEMENT_ID,NAME,VALUE) VALUES ('20025', 'resource.uri', 'https://cb.hbsp.harvard.edu/cb/pl/23039738/23040272/3ee41b12b5299ad3255dba8975fa6474');
INSERT INTO osyl2_syllabuselementattribute(ELEMENT_ID,NAME,VALUE) VALUES ('20025', 'resource.modified', '2013-11-13T17:38:46-05:00');
INSERT INTO osyl2_syllabuselementattribute(ELEMENT_ID,NAME,VALUE) VALUES ('20026', 'modified', '2013-11-24T11:23:18-05:00');
INSERT INTO osyl2_syllabuselementattribute(ELEMENT_ID,NAME,VALUE) VALUES ('20026', 'prefix', '2');
INSERT INTO osyl2_syllabuselementattribute(ELEMENT_ID,NAME,VALUE) VALUES ('20026', 'label', 'Strategic IT Alignment');
INSERT INTO osyl2_syllabuselementattribute(ELEMENT_ID,NAME,VALUE) VALUES ('20027', 'modified', '2013-11-13T17:28:01-05:00');
INSERT INTO osyl2_syllabuselementattribute(ELEMENT_ID,NAME,VALUE) VALUES ('20027', 'importance', 'false');
INSERT INTO osyl2_syllabuselementattribute(ELEMENT_ID,NAME,VALUE) VALUES ('20027', 'visible', 'true');
INSERT INTO osyl2_syllabuselementattribute(ELEMENT_ID,NAME,VALUE) VALUES ('20027', 'displayAs', 'link');
INSERT INTO osyl2_syllabuselementattribute(ELEMENT_ID,NAME,VALUE) VALUES ('20027', 'label', 'Ross, J. W.;Beath, C. (2001). Beyond the Business Case: Strategic IT Investment, MIT Sloan Working Paper No. 4357-01.');
INSERT INTO osyl2_syllabuselementattribute(ELEMENT_ID,NAME,VALUE) VALUES ('20027', 'resource.type', 'professional_article');
INSERT INTO osyl2_syllabuselementattribute(ELEMENT_ID,NAME,VALUE) VALUES ('20027', 'resource.uri', 'http://papers.ssrn.com/sol3/papers.cfm?abstract_id=305712');
INSERT INTO osyl2_syllabuselementattribute(ELEMENT_ID,NAME,VALUE) VALUES ('20027', 'resource.modified', '2013-11-13T17:28:01-05:00');
INSERT INTO osyl2_syllabuselementattribute(ELEMENT_ID,NAME,VALUE) VALUES ('20028', 'modified', '2013-11-13T18:06:39-05:00');
INSERT INTO osyl2_syllabuselementattribute(ELEMENT_ID,NAME,VALUE) VALUES ('20028', 'importance', 'false');
INSERT INTO osyl2_syllabuselementattribute(ELEMENT_ID,NAME,VALUE) VALUES ('20028', 'visible', 'true');
INSERT INTO osyl2_syllabuselementattribute(ELEMENT_ID,NAME,VALUE) VALUES ('20028', 'text', '<div>\r\n                                                                        <i>Strategic IT alignment is a recursive and two-way process: a chosen business model can lead to IT capabilities which drive IT priorities; conversely, new or enhanced IT capabilities can lead to changes in the business model (such as by enabling the company to work with new business partners, target new market segments, add value-enhancing services to existing products, or introduce entirely new services and products). The ideally \"aligned\" position is a strong business model supported by a strong IT architecture.</i>\r\n                                                                      </div>\r\n                                                                      <div>- Janis L. Cogan  Mark O. Lewiz</div>\r\n                                                                      <div>\r\n                                                                        <i>\r\n                                                                          <br>\r\n                                                                        </i>\r\n                                                                      </div>\r\n                                                                        <div>The main focus of this class will be Strategic IT Alignment and the related questions of IT priorities and the business value of IT investments.</div>');
INSERT INTO osyl2_syllabuselementattribute(ELEMENT_ID,NAME,VALUE) VALUES ('20029', 'modified', '2013-11-18T17:45:10-05:00');
INSERT INTO osyl2_syllabuselementattribute(ELEMENT_ID,NAME,VALUE) VALUES ('20029', 'importance', 'false');
INSERT INTO osyl2_syllabuselementattribute(ELEMENT_ID,NAME,VALUE) VALUES ('20029', 'visible', 'true');
INSERT INTO osyl2_syllabuselementattribute(ELEMENT_ID,NAME,VALUE) VALUES ('20029', 'text', '<span style=\"font-weight: bold;\">Assignment</span>\r\n                                                                        <br>\r\n                                                                          <strong>To do bymidnight the day<u>before</u>class:</strong>Answer one of the questions which you will find on the course''s forum \"Class 2: Vermont Teddy Bear\" AND one of the questions on the course''s forum \"Class 2: Adventures of an IT Leader\". Your contribution should be brief (max.10 lines).');
INSERT INTO osyl2_syllabuselementattribute(ELEMENT_ID,NAME,VALUE) VALUES ('20030', 'modified', '2013-11-18T16:25:44-05:00');
INSERT INTO osyl2_syllabuselementattribute(ELEMENT_ID,NAME,VALUE) VALUES ('20030', 'importance', 'false');
INSERT INTO osyl2_syllabuselementattribute(ELEMENT_ID,NAME,VALUE) VALUES ('20030', 'visible', 'true');
INSERT INTO osyl2_syllabuselementattribute(ELEMENT_ID,NAME,VALUE) VALUES ('20030', 'displayAs', 'link');
INSERT INTO osyl2_syllabuselementattribute(ELEMENT_ID,NAME,VALUE) VALUES ('20030', 'label', 'Peak Experiences and Strategic IT Alignment at Vermont Teddy Bear');
INSERT INTO osyl2_syllabuselementattribute(ELEMENT_ID,NAME,VALUE) VALUES ('20030', 'resource.type', 'case');
INSERT INTO osyl2_syllabuselementattribute(ELEMENT_ID,NAME,VALUE) VALUES ('20030', 'resource.uri', 'https://cb.hbsp.harvard.edu/cb/pl/23039738/23040827/0ed43a1ffcb2adea2d00636d0dcc6bd9');
INSERT INTO osyl2_syllabuselementattribute(ELEMENT_ID,NAME,VALUE) VALUES ('20030', 'resource.modified', '2013-11-18T16:25:44-05:00');
INSERT INTO osyl2_syllabuselementattribute(ELEMENT_ID,NAME,VALUE) VALUES ('20031', 'modified', '2013-11-13T17:42:25-05:00');
INSERT INTO osyl2_syllabuselementattribute(ELEMENT_ID,NAME,VALUE) VALUES ('20031', 'importance', 'false');
INSERT INTO osyl2_syllabuselementattribute(ELEMENT_ID,NAME,VALUE) VALUES ('20031', 'visible', 'true');
INSERT INTO osyl2_syllabuselementattribute(ELEMENT_ID,NAME,VALUE) VALUES ('20031', 'resource', 'BiblioResource');
INSERT INTO osyl2_syllabuselementattribute(ELEMENT_ID,NAME,VALUE) VALUES ('20031', 'resource.journal', 'Harvard Business Review');
INSERT INTO osyl2_syllabuselementattribute(ELEMENT_ID,NAME,VALUE) VALUES ('20031', 'resource.author', 'Nolan, R. and McFarlan, F.W.');
INSERT INTO osyl2_syllabuselementattribute(ELEMENT_ID,NAME,VALUE) VALUES ('20031', 'resource.title', 'Information Technology and the Board of Directors');
INSERT INTO osyl2_syllabuselementattribute(ELEMENT_ID,NAME,VALUE) VALUES ('20031', 'resource.type', 'article');
INSERT INTO osyl2_syllabuselementattribute(ELEMENT_ID,NAME,VALUE) VALUES ('20031', 'resource.issue', '10');
INSERT INTO osyl2_syllabuselementattribute(ELEMENT_ID,NAME,VALUE) VALUES ('20031', 'resource.pages', '96-106');
INSERT INTO osyl2_syllabuselementattribute(ELEMENT_ID,NAME,VALUE) VALUES ('20031', 'resource.year', '2005');
INSERT INTO osyl2_syllabuselementattribute(ELEMENT_ID,NAME,VALUE) VALUES ('20031', 'resource.volume', '83');
INSERT INTO osyl2_syllabuselementattribute(ELEMENT_ID,NAME,VALUE) VALUES ('20031', 'resource.library', 'http://gutenberg.hec.ca:3210/sfxlcl3?url_ver=Z39.88-2004url_tim=2013-11-13url_ctx_fmt=info%3Aofi%2Ffmt%3Akev%3Amtx%3Actxctx_id=Z39.88-2004ctx_enc=UTF-8rft.genre=journalrft.atitle=Information+Technology+and+the+Board+of+Directorsrft.issue=10rft.pages=96-106rft.volume=83rft.jtitle=Harvard+Business+Reviewrft.date=2005rft.au=Nolan%2C+R.+and+McFarlan%2C+F.W.');
INSERT INTO osyl2_syllabuselementattribute(ELEMENT_ID,NAME,VALUE) VALUES ('20031', 'resource.uri', '/group/52-701-02A.A2013.P3/Références bibliographiques du cours/4b1411ef-1725-48e8-9069-004ad1c5c400');
INSERT INTO osyl2_syllabuselementattribute(ELEMENT_ID,NAME,VALUE) VALUES ('20031', 'type', 'article');
INSERT INTO osyl2_syllabuselementattribute(ELEMENT_ID,NAME,VALUE) VALUES ('20031', 'resource.modified', '2013-11-05T11:08:19-05:00');


INSERT INTO osyl2_syllabuselementsection(ELEMENTSECTION_ID,SYLLABUSELEMENT_ID,SECTION_ID) VALUES ('4001', '2001', 'C03');
INSERT INTO osyl2_syllabuselementsection(ELEMENTSECTION_ID,SYLLABUSELEMENT_ID,SECTION_ID) VALUES ('4002', '2001', 'D04');
INSERT INTO osyl2_syllabuselementsection(ELEMENTSECTION_ID,SYLLABUSELEMENT_ID,SECTION_ID) VALUES ('4003', '2002', 'C03');
INSERT INTO osyl2_syllabuselementsection(ELEMENTSECTION_ID,SYLLABUSELEMENT_ID,SECTION_ID) VALUES ('4004', '2002', 'D04');
INSERT INTO osyl2_syllabuselementsection(ELEMENTSECTION_ID,SYLLABUSELEMENT_ID,SECTION_ID) VALUES ('4005', '2003', 'C03');
INSERT INTO osyl2_syllabuselementsection(ELEMENTSECTION_ID,SYLLABUSELEMENT_ID,SECTION_ID) VALUES ('4006', '2003', 'D04');
INSERT INTO osyl2_syllabuselementsection(ELEMENTSECTION_ID,SYLLABUSELEMENT_ID,SECTION_ID) VALUES ('4007', '2004', 'C03');
INSERT INTO osyl2_syllabuselementsection(ELEMENTSECTION_ID,SYLLABUSELEMENT_ID,SECTION_ID) VALUES ('4008', '2004', 'D04');
INSERT INTO osyl2_syllabuselementsection(ELEMENTSECTION_ID,SYLLABUSELEMENT_ID,SECTION_ID) VALUES ('4009', '2005', 'C03');
INSERT INTO osyl2_syllabuselementsection(ELEMENTSECTION_ID,SYLLABUSELEMENT_ID,SECTION_ID) VALUES ('40010', '2005', 'D04');
INSERT INTO osyl2_syllabuselementsection(ELEMENTSECTION_ID,SYLLABUSELEMENT_ID,SECTION_ID) VALUES ('40011', '2006', 'C03');
INSERT INTO osyl2_syllabuselementsection(ELEMENTSECTION_ID,SYLLABUSELEMENT_ID,SECTION_ID) VALUES ('40012', '2006', 'D04');
INSERT INTO osyl2_syllabuselementsection(ELEMENTSECTION_ID,SYLLABUSELEMENT_ID,SECTION_ID) VALUES ('40015', '2007', 'C03');
INSERT INTO osyl2_syllabuselementsection(ELEMENTSECTION_ID,SYLLABUSELEMENT_ID,SECTION_ID) VALUES ('40016', '2007', 'D04');
INSERT INTO osyl2_syllabuselementsection(ELEMENTSECTION_ID,SYLLABUSELEMENT_ID,SECTION_ID) VALUES ('40017', '20011', 'C03');
INSERT INTO osyl2_syllabuselementsection(ELEMENTSECTION_ID,SYLLABUSELEMENT_ID,SECTION_ID) VALUES ('40019', '20011', 'D04');
INSERT INTO osyl2_syllabuselementsection(ELEMENTSECTION_ID,SYLLABUSELEMENT_ID,SECTION_ID) VALUES ('40021', '20012', 'C03');
INSERT INTO osyl2_syllabuselementsection(ELEMENTSECTION_ID,SYLLABUSELEMENT_ID,SECTION_ID) VALUES ('40022', '20012', 'D04');
INSERT INTO osyl2_syllabuselementsection(ELEMENTSECTION_ID,SYLLABUSELEMENT_ID,SECTION_ID) VALUES ('40024', '20013', 'C03');
INSERT INTO osyl2_syllabuselementsection(ELEMENTSECTION_ID,SYLLABUSELEMENT_ID,SECTION_ID) VALUES ('40025', '20013', 'D04');
INSERT INTO osyl2_syllabuselementsection(ELEMENTSECTION_ID,SYLLABUSELEMENT_ID,SECTION_ID) VALUES ('40027', '20015', 'C03');
INSERT INTO osyl2_syllabuselementsection(ELEMENTSECTION_ID,SYLLABUSELEMENT_ID,SECTION_ID) VALUES ('40029', '20015', 'D04');
INSERT INTO osyl2_syllabuselementsection(ELEMENTSECTION_ID,SYLLABUSELEMENT_ID,SECTION_ID) VALUES ('40030', '20017', 'C03');
INSERT INTO osyl2_syllabuselementsection(ELEMENTSECTION_ID,SYLLABUSELEMENT_ID,SECTION_ID) VALUES ('40032', '20017', 'D04');
INSERT INTO osyl2_syllabuselementsection(ELEMENTSECTION_ID,SYLLABUSELEMENT_ID,SECTION_ID) VALUES ('40033', '20020', 'C03');
INSERT INTO osyl2_syllabuselementsection(ELEMENTSECTION_ID,SYLLABUSELEMENT_ID,SECTION_ID) VALUES ('40035', '20020', 'D04');
INSERT INTO osyl2_syllabuselementsection(ELEMENTSECTION_ID,SYLLABUSELEMENT_ID,SECTION_ID) VALUES ('40037', '20021', 'C03');
INSERT INTO osyl2_syllabuselementsection(ELEMENTSECTION_ID,SYLLABUSELEMENT_ID,SECTION_ID) VALUES ('40038', '20021', 'D04');
INSERT INTO osyl2_syllabuselementsection(ELEMENTSECTION_ID,SYLLABUSELEMENT_ID,SECTION_ID) VALUES ('40040', '20022', 'C03');
INSERT INTO osyl2_syllabuselementsection(ELEMENTSECTION_ID,SYLLABUSELEMENT_ID,SECTION_ID) VALUES ('40041', '20022', 'D04');
INSERT INTO osyl2_syllabuselementsection(ELEMENTSECTION_ID,SYLLABUSELEMENT_ID,SECTION_ID) VALUES ('40043', '20023', 'C03');
INSERT INTO osyl2_syllabuselementsection(ELEMENTSECTION_ID,SYLLABUSELEMENT_ID,SECTION_ID) VALUES ('40045', '20023', 'D04');
INSERT INTO osyl2_syllabuselementsection(ELEMENTSECTION_ID,SYLLABUSELEMENT_ID,SECTION_ID) VALUES ('40046', '20024', 'C03');
INSERT INTO osyl2_syllabuselementsection(ELEMENTSECTION_ID,SYLLABUSELEMENT_ID,SECTION_ID) VALUES ('40048', '20024', 'D04');
INSERT INTO osyl2_syllabuselementsection(ELEMENTSECTION_ID,SYLLABUSELEMENT_ID,SECTION_ID) VALUES ('40049', '20025', 'C03');
INSERT INTO osyl2_syllabuselementsection(ELEMENTSECTION_ID,SYLLABUSELEMENT_ID,SECTION_ID) VALUES ('40051', '20025', 'D04');
INSERT INTO osyl2_syllabuselementsection(ELEMENTSECTION_ID,SYLLABUSELEMENT_ID,SECTION_ID) VALUES ('40053', '20027', 'C03');
INSERT INTO osyl2_syllabuselementsection(ELEMENTSECTION_ID,SYLLABUSELEMENT_ID,SECTION_ID) VALUES ('40054', '20027', 'D04');
INSERT INTO osyl2_syllabuselementsection(ELEMENTSECTION_ID,SYLLABUSELEMENT_ID,SECTION_ID) VALUES ('40056', '20028', 'C03');
INSERT INTO osyl2_syllabuselementsection(ELEMENTSECTION_ID,SYLLABUSELEMENT_ID,SECTION_ID) VALUES ('40057', '20028', 'D04');
INSERT INTO osyl2_syllabuselementsection(ELEMENTSECTION_ID,SYLLABUSELEMENT_ID,SECTION_ID) VALUES ('40059', '20029', 'C03');
INSERT INTO osyl2_syllabuselementsection(ELEMENTSECTION_ID,SYLLABUSELEMENT_ID,SECTION_ID) VALUES ('40061', '20029', 'D04');
INSERT INTO osyl2_syllabuselementsection(ELEMENTSECTION_ID,SYLLABUSELEMENT_ID,SECTION_ID) VALUES ('40062', '20030', 'C03');
INSERT INTO osyl2_syllabuselementsection(ELEMENTSECTION_ID,SYLLABUSELEMENT_ID,SECTION_ID) VALUES ('40064', '20030', 'D04');
INSERT INTO osyl2_syllabuselementsection(ELEMENTSECTION_ID,SYLLABUSELEMENT_ID,SECTION_ID) VALUES ('40065', '20031', 'C03');
INSERT INTO osyl2_syllabuselementsection(ELEMENTSECTION_ID,SYLLABUSELEMENT_ID,SECTION_ID) VALUES ('40067', '20031', 'D04');

