--------------------------------------------------------
--  File created - Wednesday-November-25-2015   
--------------------------------------------------------
REM INSERTING into TENJIN_TEMPLATE
SET DEFINE OFF;
Insert into TENJIN_TEMPLATE (TEMPLATE_ID,TITLE,ACTIVE,DESCRIPTION) values (1,'BAC_HEC Montreal',1,'Template de plans de cours du baccalaureat');
Insert into TENJIN_TEMPLATE (TEMPLATE_ID,TITLE,ACTIVE,DESCRIPTION) values (2,'MBA_HEC Montreal',1,'Template de plans de cours du MBA');
Insert into TENJIN_TEMPLATE (TEMPLATE_ID,TITLE,ACTIVE,DESCRIPTION) values (3,'FCD_HEC Montreal',0,'Template de plans de cours du FCD');
REM INSERTING into TENJIN_TEMPLATEELEMENT
SET DEFINE OFF;
Insert into TENJIN_TEMPLATEELEMENT (TEMPLATEELEMENT_ID,DEFAULT_LABEL,TEMPLATEELEMENTTYPE_ID) values (16,'Image',11);
Insert into TENJIN_TEMPLATEELEMENT (TEMPLATEELEMENT_ID,DEFAULT_LABEL,TEMPLATEELEMENTTYPE_ID) values (17,'Video',12);
Insert into TENJIN_TEMPLATEELEMENT (TEMPLATEELEMENT_ID,DEFAULT_LABEL,TEMPLATEELEMENTTYPE_ID) values (1,'Presentation',1);
Insert into TENJIN_TEMPLATEELEMENT (TEMPLATEELEMENT_ID,DEFAULT_LABEL,TEMPLATEELEMENTTYPE_ID) values (2,'Text',2);
Insert into TENJIN_TEMPLATEELEMENT (TEMPLATEELEMENT_ID,DEFAULT_LABEL,TEMPLATEELEMENTTYPE_ID) values (3,'Document',3);
Insert into TENJIN_TEMPLATEELEMENT (TEMPLATEELEMENT_ID,DEFAULT_LABEL,TEMPLATEELEMENTTYPE_ID) values (4,'Hyperlink',4);
Insert into TENJIN_TEMPLATEELEMENT (TEMPLATEELEMENT_ID,DEFAULT_LABEL,TEMPLATEELEMENTTYPE_ID) values (5,'Contact Information',1);
Insert into TENJIN_TEMPLATEELEMENT (TEMPLATEELEMENT_ID,DEFAULT_LABEL,TEMPLATEELEMENTTYPE_ID) values (6,'Contact Information',6);
Insert into TENJIN_TEMPLATEELEMENT (TEMPLATEELEMENT_ID,DEFAULT_LABEL,TEMPLATEELEMENTTYPE_ID) values (7,'Learning Material',1);
Insert into TENJIN_TEMPLATEELEMENT (TEMPLATEELEMENT_ID,DEFAULT_LABEL,TEMPLATEELEMENTTYPE_ID) values (8,'Citation',5);
Insert into TENJIN_TEMPLATEELEMENT (TEMPLATEELEMENT_ID,DEFAULT_LABEL,TEMPLATEELEMENTTYPE_ID) values (9,'Evaluations',1);
Insert into TENJIN_TEMPLATEELEMENT (TEMPLATEELEMENT_ID,DEFAULT_LABEL,TEMPLATEELEMENTTYPE_ID) values (10,'Evaluation',8);
Insert into TENJIN_TEMPLATEELEMENT (TEMPLATEELEMENT_ID,DEFAULT_LABEL,TEMPLATEELEMENTTYPE_ID) values (11,'Course Organisation',1);
Insert into TENJIN_TEMPLATEELEMENT (TEMPLATEELEMENT_ID,DEFAULT_LABEL,TEMPLATEELEMENTTYPE_ID) values (12,'Lecture',9);
Insert into TENJIN_TEMPLATEELEMENT (TEMPLATEELEMENT_ID,DEFAULT_LABEL,TEMPLATEELEMENTTYPE_ID) values (13,'Tutorial',10);
Insert into TENJIN_TEMPLATEELEMENT (TEMPLATEELEMENT_ID,DEFAULT_LABEL,TEMPLATEELEMENTTYPE_ID) values (14,'Cluster',1);
Insert into TENJIN_TEMPLATEELEMENT (TEMPLATEELEMENT_ID,DEFAULT_LABEL,TEMPLATEELEMENTTYPE_ID) values (15,'Sakai Entity',7);
Insert into TENJIN_TEMPLATEELEMENT (TEMPLATEELEMENT_ID,DEFAULT_LABEL,TEMPLATEELEMENTTYPE_ID) values (18,'Description',13);
Insert into TENJIN_TEMPLATEELEMENT (TEMPLATEELEMENT_ID,DEFAULT_LABEL,TEMPLATEELEMENTTYPE_ID) values (19,'Objectifs',13);
Insert into TENJIN_TEMPLATEELEMENT (TEMPLATEELEMENT_ID,DEFAULT_LABEL,TEMPLATEELEMENTTYPE_ID) values (20,'Approche pédagogique',13);
Insert into TENJIN_TEMPLATEELEMENT (TEMPLATEELEMENT_ID,DEFAULT_LABEL,TEMPLATEELEMENTTYPE_ID) values (21,'Coordonnateur',13);
Insert into TENJIN_TEMPLATEELEMENT (TEMPLATEELEMENT_ID,DEFAULT_LABEL,TEMPLATEELEMENTTYPE_ID) values (22,'Enseignant(s)',13);
Insert into TENJIN_TEMPLATEELEMENT (TEMPLATEELEMENT_ID,DEFAULT_LABEL,TEMPLATEELEMENTTYPE_ID) values (23,'Stagiare(s) d''enseignement',13);
Insert into TENJIN_TEMPLATEELEMENT (TEMPLATEELEMENT_ID,DEFAULT_LABEL,TEMPLATEELEMENTTYPE_ID) values (24,'Conférencier(s)',13);
Insert into TENJIN_TEMPLATEELEMENT (TEMPLATEELEMENT_ID,DEFAULT_LABEL,TEMPLATEELEMENTTYPE_ID) values (25,'Secrétaire(s)',13);
Insert into TENJIN_TEMPLATEELEMENT (TEMPLATEELEMENT_ID,DEFAULT_LABEL,TEMPLATEELEMENTTYPE_ID) values (26,'Ressources bibliographiques',13);
Insert into TENJIN_TEMPLATEELEMENT (TEMPLATEELEMENT_ID,DEFAULT_LABEL,TEMPLATEELEMENTTYPE_ID) values (27,'Ressources bibliographiques complémentaire',13);
Insert into TENJIN_TEMPLATEELEMENT (TEMPLATEELEMENT_ID,DEFAULT_LABEL,TEMPLATEELEMENTTYPE_ID) values (28,'Ressources générales',13);
Insert into TENJIN_TEMPLATEELEMENT (TEMPLATEELEMENT_ID,DEFAULT_LABEL,TEMPLATEELEMENTTYPE_ID) values (29,'Cas',13);
Insert into TENJIN_TEMPLATEELEMENT (TEMPLATEELEMENT_ID,DEFAULT_LABEL,TEMPLATEELEMENTTYPE_ID) values (30,'Outils',13);
Insert into TENJIN_TEMPLATEELEMENT (TEMPLATEELEMENT_ID,DEFAULT_LABEL,TEMPLATEELEMENTTYPE_ID) values (31,'Anciens examens',13);
Insert into TENJIN_TEMPLATEELEMENT (TEMPLATEELEMENT_ID,DEFAULT_LABEL,TEMPLATEELEMENTTYPE_ID) values (32,null,13);
Insert into TENJIN_TEMPLATEELEMENT (TEMPLATEELEMENT_ID,DEFAULT_LABEL,TEMPLATEELEMENTTYPE_ID) values (33,null,13);
Insert into TENJIN_TEMPLATEELEMENT (TEMPLATEELEMENT_ID,DEFAULT_LABEL,TEMPLATEELEMENTTYPE_ID) values (34,null,13);
Insert into TENJIN_TEMPLATEELEMENT (TEMPLATEELEMENT_ID,DEFAULT_LABEL,TEMPLATEELEMENTTYPE_ID) values (35,null,13);
Insert into TENJIN_TEMPLATEELEMENT (TEMPLATEELEMENT_ID,DEFAULT_LABEL,TEMPLATEELEMENTTYPE_ID) values (36,null,13);
Insert into TENJIN_TEMPLATEELEMENT (TEMPLATEELEMENT_ID,DEFAULT_LABEL,TEMPLATEELEMENTTYPE_ID) values (37,null,13);
Insert into TENJIN_TEMPLATEELEMENT (TEMPLATEELEMENT_ID,DEFAULT_LABEL,TEMPLATEELEMENTTYPE_ID) values (38,'Examen intra',8);
Insert into TENJIN_TEMPLATEELEMENT (TEMPLATEELEMENT_ID,DEFAULT_LABEL,TEMPLATEELEMENTTYPE_ID) values (39,'Examen final',8);
Insert into TENJIN_TEMPLATEELEMENT (TEMPLATEELEMENT_ID,DEFAULT_LABEL,TEMPLATEELEMENTTYPE_ID) values (40,'Travail',8);
Insert into TENJIN_TEMPLATEELEMENT (TEMPLATEELEMENT_ID,DEFAULT_LABEL,TEMPLATEELEMENTTYPE_ID) values (41,'Participation',8);
Insert into TENJIN_TEMPLATEELEMENT (TEMPLATEELEMENT_ID,DEFAULT_LABEL,TEMPLATEELEMENTTYPE_ID) values (42,'Test/Quiz',8);
Insert into TENJIN_TEMPLATEELEMENT (TEMPLATEELEMENT_ID,DEFAULT_LABEL,TEMPLATEELEMENTTYPE_ID) values (43,'Autre',8);
REM INSERTING into TENJIN_TEMPLATEELEMENT_I18N
SET DEFINE OFF;
Insert into TENJIN_TEMPLATEELEMENT_I18N (TEMPLATEELEMENT_ID,LABEL,LOCALE) values (1,'Presentation','en_US');
Insert into TENJIN_TEMPLATEELEMENT_I18N (TEMPLATEELEMENT_ID,LABEL,LOCALE) values (1,'Présentation','fr_CA');
Insert into TENJIN_TEMPLATEELEMENT_I18N (TEMPLATEELEMENT_ID,LABEL,LOCALE) values (2,'Text','en_US');
Insert into TENJIN_TEMPLATEELEMENT_I18N (TEMPLATEELEMENT_ID,LABEL,LOCALE) values (2,'Texte','fr_CA');
Insert into TENJIN_TEMPLATEELEMENT_I18N (TEMPLATEELEMENT_ID,LABEL,LOCALE) values (3,'Document','en_US');
Insert into TENJIN_TEMPLATEELEMENT_I18N (TEMPLATEELEMENT_ID,LABEL,LOCALE) values (3,'Document','fr_CA');
Insert into TENJIN_TEMPLATEELEMENT_I18N (TEMPLATEELEMENT_ID,LABEL,LOCALE) values (4,'Hyperlink','en_US');
Insert into TENJIN_TEMPLATEELEMENT_I18N (TEMPLATEELEMENT_ID,LABEL,LOCALE) values (4,'Hyperlien','fr_CA');
Insert into TENJIN_TEMPLATEELEMENT_I18N (TEMPLATEELEMENT_ID,LABEL,LOCALE) values (5,'Contact Information','en_US');
Insert into TENJIN_TEMPLATEELEMENT_I18N (TEMPLATEELEMENT_ID,LABEL,LOCALE) values (5,'Coordonnées','fr_CA');
Insert into TENJIN_TEMPLATEELEMENT_I18N (TEMPLATEELEMENT_ID,LABEL,LOCALE) values (6,'Contact Information','en_US');
Insert into TENJIN_TEMPLATEELEMENT_I18N (TEMPLATEELEMENT_ID,LABEL,LOCALE) values (6,'Coordonnée','fr_CA');
Insert into TENJIN_TEMPLATEELEMENT_I18N (TEMPLATEELEMENT_ID,LABEL,LOCALE) values (7,'Learning Material','en_US');
Insert into TENJIN_TEMPLATEELEMENT_I18N (TEMPLATEELEMENT_ID,LABEL,LOCALE) values (7,'Materiel pédagogique','fr_CA');
Insert into TENJIN_TEMPLATEELEMENT_I18N (TEMPLATEELEMENT_ID,LABEL,LOCALE) values (8,'Citation','en_US');
Insert into TENJIN_TEMPLATEELEMENT_I18N (TEMPLATEELEMENT_ID,LABEL,LOCALE) values (8,'Référence bibliographique','fr_CA');
Insert into TENJIN_TEMPLATEELEMENT_I18N (TEMPLATEELEMENT_ID,LABEL,LOCALE) values (9,'Evaluations','en_US');
Insert into TENJIN_TEMPLATEELEMENT_I18N (TEMPLATEELEMENT_ID,LABEL,LOCALE) values (9,'Évaluations','fr_CA');
Insert into TENJIN_TEMPLATEELEMENT_I18N (TEMPLATEELEMENT_ID,LABEL,LOCALE) values (11,'Course Organisation','en_US');
Insert into TENJIN_TEMPLATEELEMENT_I18N (TEMPLATEELEMENT_ID,LABEL,LOCALE) values (11,'Organisation du cours','fr_CA');
Insert into TENJIN_TEMPLATEELEMENT_I18N (TEMPLATEELEMENT_ID,LABEL,LOCALE) values (12,'Lecture','en_US');
Insert into TENJIN_TEMPLATEELEMENT_I18N (TEMPLATEELEMENT_ID,LABEL,LOCALE) values (12,'Séance de cours','fr_CA');
Insert into TENJIN_TEMPLATEELEMENT_I18N (TEMPLATEELEMENT_ID,LABEL,LOCALE) values (13,'Tutorial','en_US');
Insert into TENJIN_TEMPLATEELEMENT_I18N (TEMPLATEELEMENT_ID,LABEL,LOCALE) values (13,'Séance de travaux pratique','fr_CA');
Insert into TENJIN_TEMPLATEELEMENT_I18N (TEMPLATEELEMENT_ID,LABEL,LOCALE) values (14,'Cluster','en_US');
Insert into TENJIN_TEMPLATEELEMENT_I18N (TEMPLATEELEMENT_ID,LABEL,LOCALE) values (14,'Regroupement','fr_CA');
Insert into TENJIN_TEMPLATEELEMENT_I18N (TEMPLATEELEMENT_ID,LABEL,LOCALE) values (15,'Sakai Entity','en_US');
Insert into TENJIN_TEMPLATEELEMENT_I18N (TEMPLATEELEMENT_ID,LABEL,LOCALE) values (15,'Lien vers un outil','fr_CA');
Insert into TENJIN_TEMPLATEELEMENT_I18N (TEMPLATEELEMENT_ID,LABEL,LOCALE) values (16,'Image','en_US');
Insert into TENJIN_TEMPLATEELEMENT_I18N (TEMPLATEELEMENT_ID,LABEL,LOCALE) values (16,'Image','fr_CA');
Insert into TENJIN_TEMPLATEELEMENT_I18N (TEMPLATEELEMENT_ID,LABEL,LOCALE) values (17,'Video','en_US');
Insert into TENJIN_TEMPLATEELEMENT_I18N (TEMPLATEELEMENT_ID,LABEL,LOCALE) values (17,'Vidéo','fr_CA');
Insert into TENJIN_TEMPLATEELEMENT_I18N (TEMPLATEELEMENT_ID,LABEL,LOCALE) values (18,'Description','en_US');
Insert into TENJIN_TEMPLATEELEMENT_I18N (TEMPLATEELEMENT_ID,LABEL,LOCALE) values (18,'Description','fr_CA');
Insert into TENJIN_TEMPLATEELEMENT_I18N (TEMPLATEELEMENT_ID,LABEL,LOCALE) values (19,'Objectives','en_US');
Insert into TENJIN_TEMPLATEELEMENT_I18N (TEMPLATEELEMENT_ID,LABEL,LOCALE) values (19,'Objectifs','fr_CA');
Insert into TENJIN_TEMPLATEELEMENT_I18N (TEMPLATEELEMENT_ID,LABEL,LOCALE) values (20,'Learning Strategy','en_US');
Insert into TENJIN_TEMPLATEELEMENT_I18N (TEMPLATEELEMENT_ID,LABEL,LOCALE) values (20,'Approche pédagogique','fr_CA');
Insert into TENJIN_TEMPLATEELEMENT_I18N (TEMPLATEELEMENT_ID,LABEL,LOCALE) values (21,'Coordinator','en_US');
Insert into TENJIN_TEMPLATEELEMENT_I18N (TEMPLATEELEMENT_ID,LABEL,LOCALE) values (21,'Coordonnateur','fr_CA');
Insert into TENJIN_TEMPLATEELEMENT_I18N (TEMPLATEELEMENT_ID,LABEL,LOCALE) values (22,'Instructor(s)','en_US');
Insert into TENJIN_TEMPLATEELEMENT_I18N (TEMPLATEELEMENT_ID,LABEL,LOCALE) values (22,'Enseignant(s)','fr_CA');
Insert into TENJIN_TEMPLATEELEMENT_I18N (TEMPLATEELEMENT_ID,LABEL,LOCALE) values (23,'Teaching Assisstant','en_US');
Insert into TENJIN_TEMPLATEELEMENT_I18N (TEMPLATEELEMENT_ID,LABEL,LOCALE) values (23,'Stagiaire(s) d''enseignement','fr_CA');
Insert into TENJIN_TEMPLATEELEMENT_I18N (TEMPLATEELEMENT_ID,LABEL,LOCALE) values (24,'Conferencer(s)','en_US');
Insert into TENJIN_TEMPLATEELEMENT_I18N (TEMPLATEELEMENT_ID,LABEL,LOCALE) values (24,'Conférencier(s)','fr_CA');
Insert into TENJIN_TEMPLATEELEMENT_I18N (TEMPLATEELEMENT_ID,LABEL,LOCALE) values (25,'Secretary','en_US');
Insert into TENJIN_TEMPLATEELEMENT_I18N (TEMPLATEELEMENT_ID,LABEL,LOCALE) values (25,'Secrétaire(s)','fr_CA');
Insert into TENJIN_TEMPLATEELEMENT_I18N (TEMPLATEELEMENT_ID,LABEL,LOCALE) values (26,'Ressources bibliographiques','fr_CA');
Insert into TENJIN_TEMPLATEELEMENT_I18N (TEMPLATEELEMENT_ID,LABEL,LOCALE) values (27,'Ressources bibliographiques complémentaire','fr_CA');
Insert into TENJIN_TEMPLATEELEMENT_I18N (TEMPLATEELEMENT_ID,LABEL,LOCALE) values (28,'Ressources générales','fr_CA');
Insert into TENJIN_TEMPLATEELEMENT_I18N (TEMPLATEELEMENT_ID,LABEL,LOCALE) values (29,'Cas','fr_CA');
Insert into TENJIN_TEMPLATEELEMENT_I18N (TEMPLATEELEMENT_ID,LABEL,LOCALE) values (30,'Outils','fr_CA');
Insert into TENJIN_TEMPLATEELEMENT_I18N (TEMPLATEELEMENT_ID,LABEL,LOCALE) values (31,'Anciens examens','fr_CA');
Insert into TENJIN_TEMPLATEELEMENT_I18N (TEMPLATEELEMENT_ID,LABEL,LOCALE) values (32,'Critère d''évaluation','fr_CA');
Insert into TENJIN_TEMPLATEELEMENT_I18N (TEMPLATEELEMENT_ID,LABEL,LOCALE) values (33,'Préparation à l''évaluation','fr_CA');
Insert into TENJIN_TEMPLATEELEMENT_I18N (TEMPLATEELEMENT_ID,LABEL,LOCALE) values (34,'Modalités de remise et pénalités','fr_CA');
Insert into TENJIN_TEMPLATEELEMENT_I18N (TEMPLATEELEMENT_ID,LABEL,LOCALE) values (35,'Activités/Ressources avant la séance','fr_CA');
Insert into TENJIN_TEMPLATEELEMENT_I18N (TEMPLATEELEMENT_ID,LABEL,LOCALE) values (36,'Activités/Ressources pendant la séance','fr_CA');
Insert into TENJIN_TEMPLATEELEMENT_I18N (TEMPLATEELEMENT_ID,LABEL,LOCALE) values (37,'Activités/Ressources après la séance','fr_CA');
Insert into TENJIN_TEMPLATEELEMENT_I18N (TEMPLATEELEMENT_ID,LABEL,LOCALE) values (38,'Examen intra','fr_CA');
Insert into TENJIN_TEMPLATEELEMENT_I18N (TEMPLATEELEMENT_ID,LABEL,LOCALE) values (39,'Examen final','fr_CA');
Insert into TENJIN_TEMPLATEELEMENT_I18N (TEMPLATEELEMENT_ID,LABEL,LOCALE) values (40,'Travail','fr_CA');
Insert into TENJIN_TEMPLATEELEMENT_I18N (TEMPLATEELEMENT_ID,LABEL,LOCALE) values (41,'Participation','fr_CA');
Insert into TENJIN_TEMPLATEELEMENT_I18N (TEMPLATEELEMENT_ID,LABEL,LOCALE) values (42,'Test/Quiz','fr_CA');
Insert into TENJIN_TEMPLATEELEMENT_I18N (TEMPLATEELEMENT_ID,LABEL,LOCALE) values (43,'Autre','fr_CA');
REM INSERTING into TENJIN_TEMPLATEELEMENTTYPE
SET DEFINE OFF;
Insert into TENJIN_TEMPLATEELEMENTTYPE (TITLE,TEMPLATEELEMENTTYPE_ID,DESCRIPTION) values ('image',11,'Pour ajouter une image');
Insert into TENJIN_TEMPLATEELEMENTTYPE (TITLE,TEMPLATEELEMENTTYPE_ID,DESCRIPTION) values ('video',12,'Pour ajouter un video imbriqué');
Insert into TENJIN_TEMPLATEELEMENTTYPE (TITLE,TEMPLATEELEMENTTYPE_ID,DESCRIPTION) values ('composite',1,'Un meta_element type contenant d''autres');
Insert into TENJIN_TEMPLATEELEMENTTYPE (TITLE,TEMPLATEELEMENTTYPE_ID,DESCRIPTION) values ('text',2,'Contenant de texte');
Insert into TENJIN_TEMPLATEELEMENTTYPE (TITLE,TEMPLATEELEMENTTYPE_ID,DESCRIPTION) values ('document',3,'Contenant de document');
Insert into TENJIN_TEMPLATEELEMENTTYPE (TITLE,TEMPLATEELEMENTTYPE_ID,DESCRIPTION) values ('url',4,'Contenant d''url');
Insert into TENJIN_TEMPLATEELEMENTTYPE (TITLE,TEMPLATEELEMENTTYPE_ID,DESCRIPTION) values ('citation',5,'Une référence bibliographique');
Insert into TENJIN_TEMPLATEELEMENTTYPE (TITLE,TEMPLATEELEMENTTYPE_ID,DESCRIPTION) values ('contact_info',6,'Contenant de contact d''information');
Insert into TENJIN_TEMPLATEELEMENTTYPE (TITLE,TEMPLATEELEMENTTYPE_ID,DESCRIPTION) values ('sakai_entity',7,'Contenant d''entite Sakai');
Insert into TENJIN_TEMPLATEELEMENTTYPE (TITLE,TEMPLATEELEMENTTYPE_ID,DESCRIPTION) values ('evaluation',8,'Evaluation');
Insert into TENJIN_TEMPLATEELEMENTTYPE (TITLE,TEMPLATEELEMENTTYPE_ID,DESCRIPTION) values ('lecture',9,'Seance de cours');
Insert into TENJIN_TEMPLATEELEMENTTYPE (TITLE,TEMPLATEELEMENTTYPE_ID,DESCRIPTION) values ('tutorial',10,'Travaux pratiques');
Insert into TENJIN_TEMPLATEELEMENTTYPE (TITLE,TEMPLATEELEMENTTYPE_ID,DESCRIPTION) values ('rubric',13,'Rubrique');
REM INSERTING into TENJIN_TEMPLATESTRUCTURE
SET DEFINE OFF;
Insert into TENJIN_TEMPLATESTRUCTURE (TEMPLATESTRUCTURE_ID,MANDATORY,DISPLAY_ORDER,TEMPLATE_ID,PARENT_ID,TEMPLATEELEMENT_ID) values (35,null,5,null,7,31);
Insert into TENJIN_TEMPLATESTRUCTURE (TEMPLATESTRUCTURE_ID,MANDATORY,DISPLAY_ORDER,TEMPLATE_ID,PARENT_ID,TEMPLATEELEMENT_ID) values (292,0,3,null,2,16);
Insert into TENJIN_TEMPLATESTRUCTURE (TEMPLATESTRUCTURE_ID,MANDATORY,DISPLAY_ORDER,TEMPLATE_ID,PARENT_ID,TEMPLATEELEMENT_ID) values (293,0,4,null,2,17);
Insert into TENJIN_TEMPLATESTRUCTURE (TEMPLATESTRUCTURE_ID,MANDATORY,DISPLAY_ORDER,TEMPLATE_ID,PARENT_ID,TEMPLATEELEMENT_ID) values (1,1,0,1,null,1);
Insert into TENJIN_TEMPLATESTRUCTURE (TEMPLATESTRUCTURE_ID,MANDATORY,DISPLAY_ORDER,TEMPLATE_ID,PARENT_ID,TEMPLATEELEMENT_ID) values (2,null,0,null,1,18);
Insert into TENJIN_TEMPLATESTRUCTURE (TEMPLATESTRUCTURE_ID,MANDATORY,DISPLAY_ORDER,TEMPLATE_ID,PARENT_ID,TEMPLATEELEMENT_ID) values (3,null,1,null,1,19);
Insert into TENJIN_TEMPLATESTRUCTURE (TEMPLATESTRUCTURE_ID,MANDATORY,DISPLAY_ORDER,TEMPLATE_ID,PARENT_ID,TEMPLATEELEMENT_ID) values (4,null,2,null,1,20);
Insert into TENJIN_TEMPLATESTRUCTURE (TEMPLATESTRUCTURE_ID,MANDATORY,DISPLAY_ORDER,TEMPLATE_ID,PARENT_ID,TEMPLATEELEMENT_ID) values (5,1,1,1,null,5);
Insert into TENJIN_TEMPLATESTRUCTURE (TEMPLATESTRUCTURE_ID,MANDATORY,DISPLAY_ORDER,TEMPLATE_ID,PARENT_ID,TEMPLATEELEMENT_ID) values (6,null,0,null,5,21);
Insert into TENJIN_TEMPLATESTRUCTURE (TEMPLATESTRUCTURE_ID,MANDATORY,DISPLAY_ORDER,TEMPLATE_ID,PARENT_ID,TEMPLATEELEMENT_ID) values (7,1,2,1,null,7);
Insert into TENJIN_TEMPLATESTRUCTURE (TEMPLATESTRUCTURE_ID,MANDATORY,DISPLAY_ORDER,TEMPLATE_ID,PARENT_ID,TEMPLATEELEMENT_ID) values (8,null,1,null,7,27);
Insert into TENJIN_TEMPLATESTRUCTURE (TEMPLATESTRUCTURE_ID,MANDATORY,DISPLAY_ORDER,TEMPLATE_ID,PARENT_ID,TEMPLATEELEMENT_ID) values (9,null,2,null,7,28);
Insert into TENJIN_TEMPLATESTRUCTURE (TEMPLATESTRUCTURE_ID,MANDATORY,DISPLAY_ORDER,TEMPLATE_ID,PARENT_ID,TEMPLATEELEMENT_ID) values (10,null,3,null,7,29);
Insert into TENJIN_TEMPLATESTRUCTURE (TEMPLATESTRUCTURE_ID,MANDATORY,DISPLAY_ORDER,TEMPLATE_ID,PARENT_ID,TEMPLATEELEMENT_ID) values (11,null,4,null,7,30);
Insert into TENJIN_TEMPLATESTRUCTURE (TEMPLATESTRUCTURE_ID,MANDATORY,DISPLAY_ORDER,TEMPLATE_ID,PARENT_ID,TEMPLATEELEMENT_ID) values (12,1,3,1,null,9);
Insert into TENJIN_TEMPLATESTRUCTURE (TEMPLATESTRUCTURE_ID,MANDATORY,DISPLAY_ORDER,TEMPLATE_ID,PARENT_ID,TEMPLATEELEMENT_ID) values (13,null,0,null,12,38);
Insert into TENJIN_TEMPLATESTRUCTURE (TEMPLATESTRUCTURE_ID,MANDATORY,DISPLAY_ORDER,TEMPLATE_ID,PARENT_ID,TEMPLATEELEMENT_ID) values (14,1,4,1,null,11);
Insert into TENJIN_TEMPLATESTRUCTURE (TEMPLATESTRUCTURE_ID,MANDATORY,DISPLAY_ORDER,TEMPLATE_ID,PARENT_ID,TEMPLATEELEMENT_ID) values (15,null,1,null,14,12);
Insert into TENJIN_TEMPLATESTRUCTURE (TEMPLATESTRUCTURE_ID,MANDATORY,DISPLAY_ORDER,TEMPLATE_ID,PARENT_ID,TEMPLATEELEMENT_ID) values (16,null,2,null,14,13);
Insert into TENJIN_TEMPLATESTRUCTURE (TEMPLATESTRUCTURE_ID,MANDATORY,DISPLAY_ORDER,TEMPLATE_ID,PARENT_ID,TEMPLATEELEMENT_ID) values (17,null,0,null,14,14);
Insert into TENJIN_TEMPLATESTRUCTURE (TEMPLATESTRUCTURE_ID,MANDATORY,DISPLAY_ORDER,TEMPLATE_ID,PARENT_ID,TEMPLATEELEMENT_ID) values (18,0,1,null,13,19);
Insert into TENJIN_TEMPLATESTRUCTURE (TEMPLATESTRUCTURE_ID,MANDATORY,DISPLAY_ORDER,TEMPLATE_ID,PARENT_ID,TEMPLATEELEMENT_ID) values (19,0,2,null,13,32);
Insert into TENJIN_TEMPLATESTRUCTURE (TEMPLATESTRUCTURE_ID,MANDATORY,DISPLAY_ORDER,TEMPLATE_ID,PARENT_ID,TEMPLATEELEMENT_ID) values (20,0,3,null,13,33);
Insert into TENJIN_TEMPLATESTRUCTURE (TEMPLATESTRUCTURE_ID,MANDATORY,DISPLAY_ORDER,TEMPLATE_ID,PARENT_ID,TEMPLATEELEMENT_ID) values (21,0,4,null,13,34);
Insert into TENJIN_TEMPLATESTRUCTURE (TEMPLATESTRUCTURE_ID,MANDATORY,DISPLAY_ORDER,TEMPLATE_ID,PARENT_ID,TEMPLATEELEMENT_ID) values (22,0,5,null,13,28);
Insert into TENJIN_TEMPLATESTRUCTURE (TEMPLATESTRUCTURE_ID,MANDATORY,DISPLAY_ORDER,TEMPLATE_ID,PARENT_ID,TEMPLATEELEMENT_ID) values (23,null,0,null,15,2);
Insert into TENJIN_TEMPLATESTRUCTURE (TEMPLATESTRUCTURE_ID,MANDATORY,DISPLAY_ORDER,TEMPLATE_ID,PARENT_ID,TEMPLATEELEMENT_ID) values (24,null,1,null,15,3);
Insert into TENJIN_TEMPLATESTRUCTURE (TEMPLATESTRUCTURE_ID,MANDATORY,DISPLAY_ORDER,TEMPLATE_ID,PARENT_ID,TEMPLATEELEMENT_ID) values (25,null,2,null,15,4);
Insert into TENJIN_TEMPLATESTRUCTURE (TEMPLATESTRUCTURE_ID,MANDATORY,DISPLAY_ORDER,TEMPLATE_ID,PARENT_ID,TEMPLATEELEMENT_ID) values (26,null,3,null,15,8);
Insert into TENJIN_TEMPLATESTRUCTURE (TEMPLATESTRUCTURE_ID,MANDATORY,DISPLAY_ORDER,TEMPLATE_ID,PARENT_ID,TEMPLATEELEMENT_ID) values (27,null,4,null,15,15);
Insert into TENJIN_TEMPLATESTRUCTURE (TEMPLATESTRUCTURE_ID,MANDATORY,DISPLAY_ORDER,TEMPLATE_ID,PARENT_ID,TEMPLATEELEMENT_ID) values (28,null,0,null,16,2);
Insert into TENJIN_TEMPLATESTRUCTURE (TEMPLATESTRUCTURE_ID,MANDATORY,DISPLAY_ORDER,TEMPLATE_ID,PARENT_ID,TEMPLATEELEMENT_ID) values (29,null,1,null,16,3);
Insert into TENJIN_TEMPLATESTRUCTURE (TEMPLATESTRUCTURE_ID,MANDATORY,DISPLAY_ORDER,TEMPLATE_ID,PARENT_ID,TEMPLATEELEMENT_ID) values (30,null,2,null,16,4);
Insert into TENJIN_TEMPLATESTRUCTURE (TEMPLATESTRUCTURE_ID,MANDATORY,DISPLAY_ORDER,TEMPLATE_ID,PARENT_ID,TEMPLATEELEMENT_ID) values (31,null,3,null,16,8);
Insert into TENJIN_TEMPLATESTRUCTURE (TEMPLATESTRUCTURE_ID,MANDATORY,DISPLAY_ORDER,TEMPLATE_ID,PARENT_ID,TEMPLATEELEMENT_ID) values (32,null,4,null,16,15);
Insert into TENJIN_TEMPLATESTRUCTURE (TEMPLATESTRUCTURE_ID,MANDATORY,DISPLAY_ORDER,TEMPLATE_ID,PARENT_ID,TEMPLATEELEMENT_ID) values (33,null,0,null,17,12);
Insert into TENJIN_TEMPLATESTRUCTURE (TEMPLATESTRUCTURE_ID,MANDATORY,DISPLAY_ORDER,TEMPLATE_ID,PARENT_ID,TEMPLATEELEMENT_ID) values (34,null,1,null,17,13);
Insert into TENJIN_TEMPLATESTRUCTURE (TEMPLATESTRUCTURE_ID,MANDATORY,DISPLAY_ORDER,TEMPLATE_ID,PARENT_ID,TEMPLATEELEMENT_ID) values (37,null,0,null,2,2);
Insert into TENJIN_TEMPLATESTRUCTURE (TEMPLATESTRUCTURE_ID,MANDATORY,DISPLAY_ORDER,TEMPLATE_ID,PARENT_ID,TEMPLATEELEMENT_ID) values (38,null,1,null,2,3);
Insert into TENJIN_TEMPLATESTRUCTURE (TEMPLATESTRUCTURE_ID,MANDATORY,DISPLAY_ORDER,TEMPLATE_ID,PARENT_ID,TEMPLATEELEMENT_ID) values (39,null,2,null,2,4);
Insert into TENJIN_TEMPLATESTRUCTURE (TEMPLATESTRUCTURE_ID,MANDATORY,DISPLAY_ORDER,TEMPLATE_ID,PARENT_ID,TEMPLATEELEMENT_ID) values (40,null,0,null,3,2);
Insert into TENJIN_TEMPLATESTRUCTURE (TEMPLATESTRUCTURE_ID,MANDATORY,DISPLAY_ORDER,TEMPLATE_ID,PARENT_ID,TEMPLATEELEMENT_ID) values (41,null,1,null,3,3);
Insert into TENJIN_TEMPLATESTRUCTURE (TEMPLATESTRUCTURE_ID,MANDATORY,DISPLAY_ORDER,TEMPLATE_ID,PARENT_ID,TEMPLATEELEMENT_ID) values (42,null,2,null,3,4);
Insert into TENJIN_TEMPLATESTRUCTURE (TEMPLATESTRUCTURE_ID,MANDATORY,DISPLAY_ORDER,TEMPLATE_ID,PARENT_ID,TEMPLATEELEMENT_ID) values (43,null,0,null,4,2);
Insert into TENJIN_TEMPLATESTRUCTURE (TEMPLATESTRUCTURE_ID,MANDATORY,DISPLAY_ORDER,TEMPLATE_ID,PARENT_ID,TEMPLATEELEMENT_ID) values (44,null,1,null,4,3);
Insert into TENJIN_TEMPLATESTRUCTURE (TEMPLATESTRUCTURE_ID,MANDATORY,DISPLAY_ORDER,TEMPLATE_ID,PARENT_ID,TEMPLATEELEMENT_ID) values (45,null,2,null,4,4);
Insert into TENJIN_TEMPLATESTRUCTURE (TEMPLATESTRUCTURE_ID,MANDATORY,DISPLAY_ORDER,TEMPLATE_ID,PARENT_ID,TEMPLATEELEMENT_ID) values (46,null,1,null,5,22);
Insert into TENJIN_TEMPLATESTRUCTURE (TEMPLATESTRUCTURE_ID,MANDATORY,DISPLAY_ORDER,TEMPLATE_ID,PARENT_ID,TEMPLATEELEMENT_ID) values (47,null,2,null,5,23);
Insert into TENJIN_TEMPLATESTRUCTURE (TEMPLATESTRUCTURE_ID,MANDATORY,DISPLAY_ORDER,TEMPLATE_ID,PARENT_ID,TEMPLATEELEMENT_ID) values (48,null,3,null,5,24);
Insert into TENJIN_TEMPLATESTRUCTURE (TEMPLATESTRUCTURE_ID,MANDATORY,DISPLAY_ORDER,TEMPLATE_ID,PARENT_ID,TEMPLATEELEMENT_ID) values (49,null,4,null,5,25);
Insert into TENJIN_TEMPLATESTRUCTURE (TEMPLATESTRUCTURE_ID,MANDATORY,DISPLAY_ORDER,TEMPLATE_ID,PARENT_ID,TEMPLATEELEMENT_ID) values (50,null,0,null,6,6);
Insert into TENJIN_TEMPLATESTRUCTURE (TEMPLATESTRUCTURE_ID,MANDATORY,DISPLAY_ORDER,TEMPLATE_ID,PARENT_ID,TEMPLATEELEMENT_ID) values (51,null,0,null,46,6);
Insert into TENJIN_TEMPLATESTRUCTURE (TEMPLATESTRUCTURE_ID,MANDATORY,DISPLAY_ORDER,TEMPLATE_ID,PARENT_ID,TEMPLATEELEMENT_ID) values (52,null,0,null,47,6);
Insert into TENJIN_TEMPLATESTRUCTURE (TEMPLATESTRUCTURE_ID,MANDATORY,DISPLAY_ORDER,TEMPLATE_ID,PARENT_ID,TEMPLATEELEMENT_ID) values (53,null,0,null,48,6);
Insert into TENJIN_TEMPLATESTRUCTURE (TEMPLATESTRUCTURE_ID,MANDATORY,DISPLAY_ORDER,TEMPLATE_ID,PARENT_ID,TEMPLATEELEMENT_ID) values (54,null,0,null,49,6);
Insert into TENJIN_TEMPLATESTRUCTURE (TEMPLATESTRUCTURE_ID,MANDATORY,DISPLAY_ORDER,TEMPLATE_ID,PARENT_ID,TEMPLATEELEMENT_ID) values (55,null,0,null,7,26);
Insert into TENJIN_TEMPLATESTRUCTURE (TEMPLATESTRUCTURE_ID,MANDATORY,DISPLAY_ORDER,TEMPLATE_ID,PARENT_ID,TEMPLATEELEMENT_ID) values (56,0,0,null,55,2);
Insert into TENJIN_TEMPLATESTRUCTURE (TEMPLATESTRUCTURE_ID,MANDATORY,DISPLAY_ORDER,TEMPLATE_ID,PARENT_ID,TEMPLATEELEMENT_ID) values (57,0,1,null,55,3);
Insert into TENJIN_TEMPLATESTRUCTURE (TEMPLATESTRUCTURE_ID,MANDATORY,DISPLAY_ORDER,TEMPLATE_ID,PARENT_ID,TEMPLATEELEMENT_ID) values (58,0,2,null,55,4);
Insert into TENJIN_TEMPLATESTRUCTURE (TEMPLATESTRUCTURE_ID,MANDATORY,DISPLAY_ORDER,TEMPLATE_ID,PARENT_ID,TEMPLATEELEMENT_ID) values (59,0,3,null,55,8);
Insert into TENJIN_TEMPLATESTRUCTURE (TEMPLATESTRUCTURE_ID,MANDATORY,DISPLAY_ORDER,TEMPLATE_ID,PARENT_ID,TEMPLATEELEMENT_ID) values (60,0,0,null,8,2);
Insert into TENJIN_TEMPLATESTRUCTURE (TEMPLATESTRUCTURE_ID,MANDATORY,DISPLAY_ORDER,TEMPLATE_ID,PARENT_ID,TEMPLATEELEMENT_ID) values (61,0,1,null,8,3);
Insert into TENJIN_TEMPLATESTRUCTURE (TEMPLATESTRUCTURE_ID,MANDATORY,DISPLAY_ORDER,TEMPLATE_ID,PARENT_ID,TEMPLATEELEMENT_ID) values (62,0,2,null,8,4);
Insert into TENJIN_TEMPLATESTRUCTURE (TEMPLATESTRUCTURE_ID,MANDATORY,DISPLAY_ORDER,TEMPLATE_ID,PARENT_ID,TEMPLATEELEMENT_ID) values (63,0,3,null,8,8);
Insert into TENJIN_TEMPLATESTRUCTURE (TEMPLATESTRUCTURE_ID,MANDATORY,DISPLAY_ORDER,TEMPLATE_ID,PARENT_ID,TEMPLATEELEMENT_ID) values (64,0,0,null,9,2);
Insert into TENJIN_TEMPLATESTRUCTURE (TEMPLATESTRUCTURE_ID,MANDATORY,DISPLAY_ORDER,TEMPLATE_ID,PARENT_ID,TEMPLATEELEMENT_ID) values (65,0,1,null,9,3);
Insert into TENJIN_TEMPLATESTRUCTURE (TEMPLATESTRUCTURE_ID,MANDATORY,DISPLAY_ORDER,TEMPLATE_ID,PARENT_ID,TEMPLATEELEMENT_ID) values (66,0,2,null,9,4);
Insert into TENJIN_TEMPLATESTRUCTURE (TEMPLATESTRUCTURE_ID,MANDATORY,DISPLAY_ORDER,TEMPLATE_ID,PARENT_ID,TEMPLATEELEMENT_ID) values (67,0,3,null,9,8);
Insert into TENJIN_TEMPLATESTRUCTURE (TEMPLATESTRUCTURE_ID,MANDATORY,DISPLAY_ORDER,TEMPLATE_ID,PARENT_ID,TEMPLATEELEMENT_ID) values (68,0,0,null,10,2);
Insert into TENJIN_TEMPLATESTRUCTURE (TEMPLATESTRUCTURE_ID,MANDATORY,DISPLAY_ORDER,TEMPLATE_ID,PARENT_ID,TEMPLATEELEMENT_ID) values (69,0,1,null,10,3);
Insert into TENJIN_TEMPLATESTRUCTURE (TEMPLATESTRUCTURE_ID,MANDATORY,DISPLAY_ORDER,TEMPLATE_ID,PARENT_ID,TEMPLATEELEMENT_ID) values (70,0,2,null,10,4);
Insert into TENJIN_TEMPLATESTRUCTURE (TEMPLATESTRUCTURE_ID,MANDATORY,DISPLAY_ORDER,TEMPLATE_ID,PARENT_ID,TEMPLATEELEMENT_ID) values (71,0,3,null,10,8);
Insert into TENJIN_TEMPLATESTRUCTURE (TEMPLATESTRUCTURE_ID,MANDATORY,DISPLAY_ORDER,TEMPLATE_ID,PARENT_ID,TEMPLATEELEMENT_ID) values (72,0,0,null,11,2);
Insert into TENJIN_TEMPLATESTRUCTURE (TEMPLATESTRUCTURE_ID,MANDATORY,DISPLAY_ORDER,TEMPLATE_ID,PARENT_ID,TEMPLATEELEMENT_ID) values (73,0,1,null,11,3);
Insert into TENJIN_TEMPLATESTRUCTURE (TEMPLATESTRUCTURE_ID,MANDATORY,DISPLAY_ORDER,TEMPLATE_ID,PARENT_ID,TEMPLATEELEMENT_ID) values (74,0,2,null,11,4);
Insert into TENJIN_TEMPLATESTRUCTURE (TEMPLATESTRUCTURE_ID,MANDATORY,DISPLAY_ORDER,TEMPLATE_ID,PARENT_ID,TEMPLATEELEMENT_ID) values (75,0,3,null,11,8);
Insert into TENJIN_TEMPLATESTRUCTURE (TEMPLATESTRUCTURE_ID,MANDATORY,DISPLAY_ORDER,TEMPLATE_ID,PARENT_ID,TEMPLATEELEMENT_ID) values (76,0,0,null,35,2);
Insert into TENJIN_TEMPLATESTRUCTURE (TEMPLATESTRUCTURE_ID,MANDATORY,DISPLAY_ORDER,TEMPLATE_ID,PARENT_ID,TEMPLATEELEMENT_ID) values (77,0,1,null,35,3);
Insert into TENJIN_TEMPLATESTRUCTURE (TEMPLATESTRUCTURE_ID,MANDATORY,DISPLAY_ORDER,TEMPLATE_ID,PARENT_ID,TEMPLATEELEMENT_ID) values (78,0,2,null,35,4);
Insert into TENJIN_TEMPLATESTRUCTURE (TEMPLATESTRUCTURE_ID,MANDATORY,DISPLAY_ORDER,TEMPLATE_ID,PARENT_ID,TEMPLATEELEMENT_ID) values (79,0,3,null,35,8);
Insert into TENJIN_TEMPLATESTRUCTURE (TEMPLATESTRUCTURE_ID,MANDATORY,DISPLAY_ORDER,TEMPLATE_ID,PARENT_ID,TEMPLATEELEMENT_ID) values (80,null,1,null,12,39);
Insert into TENJIN_TEMPLATESTRUCTURE (TEMPLATESTRUCTURE_ID,MANDATORY,DISPLAY_ORDER,TEMPLATE_ID,PARENT_ID,TEMPLATEELEMENT_ID) values (81,null,2,null,12,40);
Insert into TENJIN_TEMPLATESTRUCTURE (TEMPLATESTRUCTURE_ID,MANDATORY,DISPLAY_ORDER,TEMPLATE_ID,PARENT_ID,TEMPLATEELEMENT_ID) values (82,null,3,null,12,41);
Insert into TENJIN_TEMPLATESTRUCTURE (TEMPLATESTRUCTURE_ID,MANDATORY,DISPLAY_ORDER,TEMPLATE_ID,PARENT_ID,TEMPLATEELEMENT_ID) values (83,null,4,null,12,42);
Insert into TENJIN_TEMPLATESTRUCTURE (TEMPLATESTRUCTURE_ID,MANDATORY,DISPLAY_ORDER,TEMPLATE_ID,PARENT_ID,TEMPLATEELEMENT_ID) values (84,null,5,null,12,43);
Insert into TENJIN_TEMPLATESTRUCTURE (TEMPLATESTRUCTURE_ID,MANDATORY,DISPLAY_ORDER,TEMPLATE_ID,PARENT_ID,TEMPLATEELEMENT_ID) values (85,0,0,null,13,18);
Insert into TENJIN_TEMPLATESTRUCTURE (TEMPLATESTRUCTURE_ID,MANDATORY,DISPLAY_ORDER,TEMPLATE_ID,PARENT_ID,TEMPLATEELEMENT_ID) values (86,0,1,null,80,19);
Insert into TENJIN_TEMPLATESTRUCTURE (TEMPLATESTRUCTURE_ID,MANDATORY,DISPLAY_ORDER,TEMPLATE_ID,PARENT_ID,TEMPLATEELEMENT_ID) values (87,0,2,null,80,32);
Insert into TENJIN_TEMPLATESTRUCTURE (TEMPLATESTRUCTURE_ID,MANDATORY,DISPLAY_ORDER,TEMPLATE_ID,PARENT_ID,TEMPLATEELEMENT_ID) values (88,0,3,null,80,33);
Insert into TENJIN_TEMPLATESTRUCTURE (TEMPLATESTRUCTURE_ID,MANDATORY,DISPLAY_ORDER,TEMPLATE_ID,PARENT_ID,TEMPLATEELEMENT_ID) values (89,0,4,null,80,34);
Insert into TENJIN_TEMPLATESTRUCTURE (TEMPLATESTRUCTURE_ID,MANDATORY,DISPLAY_ORDER,TEMPLATE_ID,PARENT_ID,TEMPLATEELEMENT_ID) values (90,0,5,null,80,28);
Insert into TENJIN_TEMPLATESTRUCTURE (TEMPLATESTRUCTURE_ID,MANDATORY,DISPLAY_ORDER,TEMPLATE_ID,PARENT_ID,TEMPLATEELEMENT_ID) values (91,0,0,null,80,18);
Insert into TENJIN_TEMPLATESTRUCTURE (TEMPLATESTRUCTURE_ID,MANDATORY,DISPLAY_ORDER,TEMPLATE_ID,PARENT_ID,TEMPLATEELEMENT_ID) values (92,0,1,null,81,19);
Insert into TENJIN_TEMPLATESTRUCTURE (TEMPLATESTRUCTURE_ID,MANDATORY,DISPLAY_ORDER,TEMPLATE_ID,PARENT_ID,TEMPLATEELEMENT_ID) values (93,0,2,null,81,32);
Insert into TENJIN_TEMPLATESTRUCTURE (TEMPLATESTRUCTURE_ID,MANDATORY,DISPLAY_ORDER,TEMPLATE_ID,PARENT_ID,TEMPLATEELEMENT_ID) values (94,0,3,null,81,33);
Insert into TENJIN_TEMPLATESTRUCTURE (TEMPLATESTRUCTURE_ID,MANDATORY,DISPLAY_ORDER,TEMPLATE_ID,PARENT_ID,TEMPLATEELEMENT_ID) values (95,0,4,null,81,34);
Insert into TENJIN_TEMPLATESTRUCTURE (TEMPLATESTRUCTURE_ID,MANDATORY,DISPLAY_ORDER,TEMPLATE_ID,PARENT_ID,TEMPLATEELEMENT_ID) values (96,0,5,null,81,28);
Insert into TENJIN_TEMPLATESTRUCTURE (TEMPLATESTRUCTURE_ID,MANDATORY,DISPLAY_ORDER,TEMPLATE_ID,PARENT_ID,TEMPLATEELEMENT_ID) values (97,0,0,null,81,18);
Insert into TENJIN_TEMPLATESTRUCTURE (TEMPLATESTRUCTURE_ID,MANDATORY,DISPLAY_ORDER,TEMPLATE_ID,PARENT_ID,TEMPLATEELEMENT_ID) values (98,0,1,null,82,19);
Insert into TENJIN_TEMPLATESTRUCTURE (TEMPLATESTRUCTURE_ID,MANDATORY,DISPLAY_ORDER,TEMPLATE_ID,PARENT_ID,TEMPLATEELEMENT_ID) values (99,0,2,null,82,32);
Insert into TENJIN_TEMPLATESTRUCTURE (TEMPLATESTRUCTURE_ID,MANDATORY,DISPLAY_ORDER,TEMPLATE_ID,PARENT_ID,TEMPLATEELEMENT_ID) values (100,0,3,null,82,33);
Insert into TENJIN_TEMPLATESTRUCTURE (TEMPLATESTRUCTURE_ID,MANDATORY,DISPLAY_ORDER,TEMPLATE_ID,PARENT_ID,TEMPLATEELEMENT_ID) values (101,0,4,null,82,34);
Insert into TENJIN_TEMPLATESTRUCTURE (TEMPLATESTRUCTURE_ID,MANDATORY,DISPLAY_ORDER,TEMPLATE_ID,PARENT_ID,TEMPLATEELEMENT_ID) values (102,0,5,null,82,28);
Insert into TENJIN_TEMPLATESTRUCTURE (TEMPLATESTRUCTURE_ID,MANDATORY,DISPLAY_ORDER,TEMPLATE_ID,PARENT_ID,TEMPLATEELEMENT_ID) values (103,0,0,null,82,18);
Insert into TENJIN_TEMPLATESTRUCTURE (TEMPLATESTRUCTURE_ID,MANDATORY,DISPLAY_ORDER,TEMPLATE_ID,PARENT_ID,TEMPLATEELEMENT_ID) values (104,0,1,null,83,19);
Insert into TENJIN_TEMPLATESTRUCTURE (TEMPLATESTRUCTURE_ID,MANDATORY,DISPLAY_ORDER,TEMPLATE_ID,PARENT_ID,TEMPLATEELEMENT_ID) values (105,0,2,null,83,32);
Insert into TENJIN_TEMPLATESTRUCTURE (TEMPLATESTRUCTURE_ID,MANDATORY,DISPLAY_ORDER,TEMPLATE_ID,PARENT_ID,TEMPLATEELEMENT_ID) values (106,0,3,null,83,33);
Insert into TENJIN_TEMPLATESTRUCTURE (TEMPLATESTRUCTURE_ID,MANDATORY,DISPLAY_ORDER,TEMPLATE_ID,PARENT_ID,TEMPLATEELEMENT_ID) values (107,0,4,null,83,34);
Insert into TENJIN_TEMPLATESTRUCTURE (TEMPLATESTRUCTURE_ID,MANDATORY,DISPLAY_ORDER,TEMPLATE_ID,PARENT_ID,TEMPLATEELEMENT_ID) values (108,0,5,null,83,28);
Insert into TENJIN_TEMPLATESTRUCTURE (TEMPLATESTRUCTURE_ID,MANDATORY,DISPLAY_ORDER,TEMPLATE_ID,PARENT_ID,TEMPLATEELEMENT_ID) values (109,0,0,null,83,18);
Insert into TENJIN_TEMPLATESTRUCTURE (TEMPLATESTRUCTURE_ID,MANDATORY,DISPLAY_ORDER,TEMPLATE_ID,PARENT_ID,TEMPLATEELEMENT_ID) values (110,0,1,null,84,19);
Insert into TENJIN_TEMPLATESTRUCTURE (TEMPLATESTRUCTURE_ID,MANDATORY,DISPLAY_ORDER,TEMPLATE_ID,PARENT_ID,TEMPLATEELEMENT_ID) values (111,0,2,null,84,32);
Insert into TENJIN_TEMPLATESTRUCTURE (TEMPLATESTRUCTURE_ID,MANDATORY,DISPLAY_ORDER,TEMPLATE_ID,PARENT_ID,TEMPLATEELEMENT_ID) values (112,0,3,null,84,33);
Insert into TENJIN_TEMPLATESTRUCTURE (TEMPLATESTRUCTURE_ID,MANDATORY,DISPLAY_ORDER,TEMPLATE_ID,PARENT_ID,TEMPLATEELEMENT_ID) values (113,0,4,null,84,34);
Insert into TENJIN_TEMPLATESTRUCTURE (TEMPLATESTRUCTURE_ID,MANDATORY,DISPLAY_ORDER,TEMPLATE_ID,PARENT_ID,TEMPLATEELEMENT_ID) values (114,0,5,null,84,28);
Insert into TENJIN_TEMPLATESTRUCTURE (TEMPLATESTRUCTURE_ID,MANDATORY,DISPLAY_ORDER,TEMPLATE_ID,PARENT_ID,TEMPLATEELEMENT_ID) values (115,0,0,null,84,18);
Insert into TENJIN_TEMPLATESTRUCTURE (TEMPLATESTRUCTURE_ID,MANDATORY,DISPLAY_ORDER,TEMPLATE_ID,PARENT_ID,TEMPLATEELEMENT_ID) values (117,0,0,null,85,2);
Insert into TENJIN_TEMPLATESTRUCTURE (TEMPLATESTRUCTURE_ID,MANDATORY,DISPLAY_ORDER,TEMPLATE_ID,PARENT_ID,TEMPLATEELEMENT_ID) values (118,0,1,null,85,3);
Insert into TENJIN_TEMPLATESTRUCTURE (TEMPLATESTRUCTURE_ID,MANDATORY,DISPLAY_ORDER,TEMPLATE_ID,PARENT_ID,TEMPLATEELEMENT_ID) values (119,0,4,null,85,4);
Insert into TENJIN_TEMPLATESTRUCTURE (TEMPLATESTRUCTURE_ID,MANDATORY,DISPLAY_ORDER,TEMPLATE_ID,PARENT_ID,TEMPLATEELEMENT_ID) values (120,0,3,null,85,5);
Insert into TENJIN_TEMPLATESTRUCTURE (TEMPLATESTRUCTURE_ID,MANDATORY,DISPLAY_ORDER,TEMPLATE_ID,PARENT_ID,TEMPLATEELEMENT_ID) values (121,0,2,null,85,15);
Insert into TENJIN_TEMPLATESTRUCTURE (TEMPLATESTRUCTURE_ID,MANDATORY,DISPLAY_ORDER,TEMPLATE_ID,PARENT_ID,TEMPLATEELEMENT_ID) values (122,0,0,null,18,2);
Insert into TENJIN_TEMPLATESTRUCTURE (TEMPLATESTRUCTURE_ID,MANDATORY,DISPLAY_ORDER,TEMPLATE_ID,PARENT_ID,TEMPLATEELEMENT_ID) values (123,0,1,null,18,3);
Insert into TENJIN_TEMPLATESTRUCTURE (TEMPLATESTRUCTURE_ID,MANDATORY,DISPLAY_ORDER,TEMPLATE_ID,PARENT_ID,TEMPLATEELEMENT_ID) values (124,0,4,null,18,4);
Insert into TENJIN_TEMPLATESTRUCTURE (TEMPLATESTRUCTURE_ID,MANDATORY,DISPLAY_ORDER,TEMPLATE_ID,PARENT_ID,TEMPLATEELEMENT_ID) values (125,0,3,null,18,5);
Insert into TENJIN_TEMPLATESTRUCTURE (TEMPLATESTRUCTURE_ID,MANDATORY,DISPLAY_ORDER,TEMPLATE_ID,PARENT_ID,TEMPLATEELEMENT_ID) values (126,0,2,null,18,15);
Insert into TENJIN_TEMPLATESTRUCTURE (TEMPLATESTRUCTURE_ID,MANDATORY,DISPLAY_ORDER,TEMPLATE_ID,PARENT_ID,TEMPLATEELEMENT_ID) values (127,0,0,null,19,2);
Insert into TENJIN_TEMPLATESTRUCTURE (TEMPLATESTRUCTURE_ID,MANDATORY,DISPLAY_ORDER,TEMPLATE_ID,PARENT_ID,TEMPLATEELEMENT_ID) values (128,0,1,null,19,3);
Insert into TENJIN_TEMPLATESTRUCTURE (TEMPLATESTRUCTURE_ID,MANDATORY,DISPLAY_ORDER,TEMPLATE_ID,PARENT_ID,TEMPLATEELEMENT_ID) values (129,0,4,null,19,4);
Insert into TENJIN_TEMPLATESTRUCTURE (TEMPLATESTRUCTURE_ID,MANDATORY,DISPLAY_ORDER,TEMPLATE_ID,PARENT_ID,TEMPLATEELEMENT_ID) values (130,0,3,null,19,5);
Insert into TENJIN_TEMPLATESTRUCTURE (TEMPLATESTRUCTURE_ID,MANDATORY,DISPLAY_ORDER,TEMPLATE_ID,PARENT_ID,TEMPLATEELEMENT_ID) values (131,0,2,null,19,15);
Insert into TENJIN_TEMPLATESTRUCTURE (TEMPLATESTRUCTURE_ID,MANDATORY,DISPLAY_ORDER,TEMPLATE_ID,PARENT_ID,TEMPLATEELEMENT_ID) values (132,0,0,null,20,2);
Insert into TENJIN_TEMPLATESTRUCTURE (TEMPLATESTRUCTURE_ID,MANDATORY,DISPLAY_ORDER,TEMPLATE_ID,PARENT_ID,TEMPLATEELEMENT_ID) values (133,0,1,null,20,3);
Insert into TENJIN_TEMPLATESTRUCTURE (TEMPLATESTRUCTURE_ID,MANDATORY,DISPLAY_ORDER,TEMPLATE_ID,PARENT_ID,TEMPLATEELEMENT_ID) values (134,0,4,null,20,4);
Insert into TENJIN_TEMPLATESTRUCTURE (TEMPLATESTRUCTURE_ID,MANDATORY,DISPLAY_ORDER,TEMPLATE_ID,PARENT_ID,TEMPLATEELEMENT_ID) values (135,0,3,null,20,5);
Insert into TENJIN_TEMPLATESTRUCTURE (TEMPLATESTRUCTURE_ID,MANDATORY,DISPLAY_ORDER,TEMPLATE_ID,PARENT_ID,TEMPLATEELEMENT_ID) values (136,0,2,null,20,15);
Insert into TENJIN_TEMPLATESTRUCTURE (TEMPLATESTRUCTURE_ID,MANDATORY,DISPLAY_ORDER,TEMPLATE_ID,PARENT_ID,TEMPLATEELEMENT_ID) values (137,0,0,null,21,2);
Insert into TENJIN_TEMPLATESTRUCTURE (TEMPLATESTRUCTURE_ID,MANDATORY,DISPLAY_ORDER,TEMPLATE_ID,PARENT_ID,TEMPLATEELEMENT_ID) values (138,0,1,null,21,3);
Insert into TENJIN_TEMPLATESTRUCTURE (TEMPLATESTRUCTURE_ID,MANDATORY,DISPLAY_ORDER,TEMPLATE_ID,PARENT_ID,TEMPLATEELEMENT_ID) values (139,0,4,null,21,4);
Insert into TENJIN_TEMPLATESTRUCTURE (TEMPLATESTRUCTURE_ID,MANDATORY,DISPLAY_ORDER,TEMPLATE_ID,PARENT_ID,TEMPLATEELEMENT_ID) values (140,0,3,null,21,5);
Insert into TENJIN_TEMPLATESTRUCTURE (TEMPLATESTRUCTURE_ID,MANDATORY,DISPLAY_ORDER,TEMPLATE_ID,PARENT_ID,TEMPLATEELEMENT_ID) values (141,0,2,null,21,15);
Insert into TENJIN_TEMPLATESTRUCTURE (TEMPLATESTRUCTURE_ID,MANDATORY,DISPLAY_ORDER,TEMPLATE_ID,PARENT_ID,TEMPLATEELEMENT_ID) values (142,0,3,null,91,2);
Insert into TENJIN_TEMPLATESTRUCTURE (TEMPLATESTRUCTURE_ID,MANDATORY,DISPLAY_ORDER,TEMPLATE_ID,PARENT_ID,TEMPLATEELEMENT_ID) values (143,0,2,null,91,3);
Insert into TENJIN_TEMPLATESTRUCTURE (TEMPLATESTRUCTURE_ID,MANDATORY,DISPLAY_ORDER,TEMPLATE_ID,PARENT_ID,TEMPLATEELEMENT_ID) values (144,0,1,null,91,4);
Insert into TENJIN_TEMPLATESTRUCTURE (TEMPLATESTRUCTURE_ID,MANDATORY,DISPLAY_ORDER,TEMPLATE_ID,PARENT_ID,TEMPLATEELEMENT_ID) values (145,0,0,null,91,5);
Insert into TENJIN_TEMPLATESTRUCTURE (TEMPLATESTRUCTURE_ID,MANDATORY,DISPLAY_ORDER,TEMPLATE_ID,PARENT_ID,TEMPLATEELEMENT_ID) values (146,0,4,null,91,15);
Insert into TENJIN_TEMPLATESTRUCTURE (TEMPLATESTRUCTURE_ID,MANDATORY,DISPLAY_ORDER,TEMPLATE_ID,PARENT_ID,TEMPLATEELEMENT_ID) values (147,0,0,null,86,2);
Insert into TENJIN_TEMPLATESTRUCTURE (TEMPLATESTRUCTURE_ID,MANDATORY,DISPLAY_ORDER,TEMPLATE_ID,PARENT_ID,TEMPLATEELEMENT_ID) values (148,0,1,null,86,3);
Insert into TENJIN_TEMPLATESTRUCTURE (TEMPLATESTRUCTURE_ID,MANDATORY,DISPLAY_ORDER,TEMPLATE_ID,PARENT_ID,TEMPLATEELEMENT_ID) values (149,0,2,null,86,4);
Insert into TENJIN_TEMPLATESTRUCTURE (TEMPLATESTRUCTURE_ID,MANDATORY,DISPLAY_ORDER,TEMPLATE_ID,PARENT_ID,TEMPLATEELEMENT_ID) values (150,0,3,null,86,5);
Insert into TENJIN_TEMPLATESTRUCTURE (TEMPLATESTRUCTURE_ID,MANDATORY,DISPLAY_ORDER,TEMPLATE_ID,PARENT_ID,TEMPLATEELEMENT_ID) values (151,0,4,null,86,15);
Insert into TENJIN_TEMPLATESTRUCTURE (TEMPLATESTRUCTURE_ID,MANDATORY,DISPLAY_ORDER,TEMPLATE_ID,PARENT_ID,TEMPLATEELEMENT_ID) values (152,0,4,null,87,2);
Insert into TENJIN_TEMPLATESTRUCTURE (TEMPLATESTRUCTURE_ID,MANDATORY,DISPLAY_ORDER,TEMPLATE_ID,PARENT_ID,TEMPLATEELEMENT_ID) values (153,0,3,null,87,3);
Insert into TENJIN_TEMPLATESTRUCTURE (TEMPLATESTRUCTURE_ID,MANDATORY,DISPLAY_ORDER,TEMPLATE_ID,PARENT_ID,TEMPLATEELEMENT_ID) values (154,0,2,null,87,4);
Insert into TENJIN_TEMPLATESTRUCTURE (TEMPLATESTRUCTURE_ID,MANDATORY,DISPLAY_ORDER,TEMPLATE_ID,PARENT_ID,TEMPLATEELEMENT_ID) values (155,0,1,null,87,5);
Insert into TENJIN_TEMPLATESTRUCTURE (TEMPLATESTRUCTURE_ID,MANDATORY,DISPLAY_ORDER,TEMPLATE_ID,PARENT_ID,TEMPLATEELEMENT_ID) values (156,0,0,null,87,15);
Insert into TENJIN_TEMPLATESTRUCTURE (TEMPLATESTRUCTURE_ID,MANDATORY,DISPLAY_ORDER,TEMPLATE_ID,PARENT_ID,TEMPLATEELEMENT_ID) values (157,0,4,null,88,2);
Insert into TENJIN_TEMPLATESTRUCTURE (TEMPLATESTRUCTURE_ID,MANDATORY,DISPLAY_ORDER,TEMPLATE_ID,PARENT_ID,TEMPLATEELEMENT_ID) values (158,0,3,null,88,3);
Insert into TENJIN_TEMPLATESTRUCTURE (TEMPLATESTRUCTURE_ID,MANDATORY,DISPLAY_ORDER,TEMPLATE_ID,PARENT_ID,TEMPLATEELEMENT_ID) values (159,0,2,null,88,4);
Insert into TENJIN_TEMPLATESTRUCTURE (TEMPLATESTRUCTURE_ID,MANDATORY,DISPLAY_ORDER,TEMPLATE_ID,PARENT_ID,TEMPLATEELEMENT_ID) values (160,0,0,null,88,5);
Insert into TENJIN_TEMPLATESTRUCTURE (TEMPLATESTRUCTURE_ID,MANDATORY,DISPLAY_ORDER,TEMPLATE_ID,PARENT_ID,TEMPLATEELEMENT_ID) values (161,0,1,null,88,15);
Insert into TENJIN_TEMPLATESTRUCTURE (TEMPLATESTRUCTURE_ID,MANDATORY,DISPLAY_ORDER,TEMPLATE_ID,PARENT_ID,TEMPLATEELEMENT_ID) values (162,0,4,null,89,2);
Insert into TENJIN_TEMPLATESTRUCTURE (TEMPLATESTRUCTURE_ID,MANDATORY,DISPLAY_ORDER,TEMPLATE_ID,PARENT_ID,TEMPLATEELEMENT_ID) values (163,0,3,null,89,3);
Insert into TENJIN_TEMPLATESTRUCTURE (TEMPLATESTRUCTURE_ID,MANDATORY,DISPLAY_ORDER,TEMPLATE_ID,PARENT_ID,TEMPLATEELEMENT_ID) values (164,0,2,null,89,4);
Insert into TENJIN_TEMPLATESTRUCTURE (TEMPLATESTRUCTURE_ID,MANDATORY,DISPLAY_ORDER,TEMPLATE_ID,PARENT_ID,TEMPLATEELEMENT_ID) values (165,0,1,null,89,5);
Insert into TENJIN_TEMPLATESTRUCTURE (TEMPLATESTRUCTURE_ID,MANDATORY,DISPLAY_ORDER,TEMPLATE_ID,PARENT_ID,TEMPLATEELEMENT_ID) values (166,0,0,null,89,15);
Insert into TENJIN_TEMPLATESTRUCTURE (TEMPLATESTRUCTURE_ID,MANDATORY,DISPLAY_ORDER,TEMPLATE_ID,PARENT_ID,TEMPLATEELEMENT_ID) values (167,0,4,null,90,2);
Insert into TENJIN_TEMPLATESTRUCTURE (TEMPLATESTRUCTURE_ID,MANDATORY,DISPLAY_ORDER,TEMPLATE_ID,PARENT_ID,TEMPLATEELEMENT_ID) values (168,0,3,null,90,3);
Insert into TENJIN_TEMPLATESTRUCTURE (TEMPLATESTRUCTURE_ID,MANDATORY,DISPLAY_ORDER,TEMPLATE_ID,PARENT_ID,TEMPLATEELEMENT_ID) values (169,0,2,null,90,4);
Insert into TENJIN_TEMPLATESTRUCTURE (TEMPLATESTRUCTURE_ID,MANDATORY,DISPLAY_ORDER,TEMPLATE_ID,PARENT_ID,TEMPLATEELEMENT_ID) values (170,0,0,null,90,5);
Insert into TENJIN_TEMPLATESTRUCTURE (TEMPLATESTRUCTURE_ID,MANDATORY,DISPLAY_ORDER,TEMPLATE_ID,PARENT_ID,TEMPLATEELEMENT_ID) values (171,0,1,null,90,15);
Insert into TENJIN_TEMPLATESTRUCTURE (TEMPLATESTRUCTURE_ID,MANDATORY,DISPLAY_ORDER,TEMPLATE_ID,PARENT_ID,TEMPLATEELEMENT_ID) values (172,0,3,null,97,2);
Insert into TENJIN_TEMPLATESTRUCTURE (TEMPLATESTRUCTURE_ID,MANDATORY,DISPLAY_ORDER,TEMPLATE_ID,PARENT_ID,TEMPLATEELEMENT_ID) values (173,0,2,null,97,3);
Insert into TENJIN_TEMPLATESTRUCTURE (TEMPLATESTRUCTURE_ID,MANDATORY,DISPLAY_ORDER,TEMPLATE_ID,PARENT_ID,TEMPLATEELEMENT_ID) values (174,0,1,null,97,4);
Insert into TENJIN_TEMPLATESTRUCTURE (TEMPLATESTRUCTURE_ID,MANDATORY,DISPLAY_ORDER,TEMPLATE_ID,PARENT_ID,TEMPLATEELEMENT_ID) values (175,0,4,null,97,5);
Insert into TENJIN_TEMPLATESTRUCTURE (TEMPLATESTRUCTURE_ID,MANDATORY,DISPLAY_ORDER,TEMPLATE_ID,PARENT_ID,TEMPLATEELEMENT_ID) values (176,0,0,null,97,15);
Insert into TENJIN_TEMPLATESTRUCTURE (TEMPLATESTRUCTURE_ID,MANDATORY,DISPLAY_ORDER,TEMPLATE_ID,PARENT_ID,TEMPLATEELEMENT_ID) values (177,0,0,null,92,2);
Insert into TENJIN_TEMPLATESTRUCTURE (TEMPLATESTRUCTURE_ID,MANDATORY,DISPLAY_ORDER,TEMPLATE_ID,PARENT_ID,TEMPLATEELEMENT_ID) values (178,0,1,null,92,3);
Insert into TENJIN_TEMPLATESTRUCTURE (TEMPLATESTRUCTURE_ID,MANDATORY,DISPLAY_ORDER,TEMPLATE_ID,PARENT_ID,TEMPLATEELEMENT_ID) values (179,0,2,null,92,4);
Insert into TENJIN_TEMPLATESTRUCTURE (TEMPLATESTRUCTURE_ID,MANDATORY,DISPLAY_ORDER,TEMPLATE_ID,PARENT_ID,TEMPLATEELEMENT_ID) values (180,0,4,null,92,5);
Insert into TENJIN_TEMPLATESTRUCTURE (TEMPLATESTRUCTURE_ID,MANDATORY,DISPLAY_ORDER,TEMPLATE_ID,PARENT_ID,TEMPLATEELEMENT_ID) values (181,0,3,null,92,15);
Insert into TENJIN_TEMPLATESTRUCTURE (TEMPLATESTRUCTURE_ID,MANDATORY,DISPLAY_ORDER,TEMPLATE_ID,PARENT_ID,TEMPLATEELEMENT_ID) values (182,0,4,null,93,2);
Insert into TENJIN_TEMPLATESTRUCTURE (TEMPLATESTRUCTURE_ID,MANDATORY,DISPLAY_ORDER,TEMPLATE_ID,PARENT_ID,TEMPLATEELEMENT_ID) values (183,0,3,null,93,3);
Insert into TENJIN_TEMPLATESTRUCTURE (TEMPLATESTRUCTURE_ID,MANDATORY,DISPLAY_ORDER,TEMPLATE_ID,PARENT_ID,TEMPLATEELEMENT_ID) values (184,0,2,null,93,4);
Insert into TENJIN_TEMPLATESTRUCTURE (TEMPLATESTRUCTURE_ID,MANDATORY,DISPLAY_ORDER,TEMPLATE_ID,PARENT_ID,TEMPLATEELEMENT_ID) values (185,0,0,null,93,5);
Insert into TENJIN_TEMPLATESTRUCTURE (TEMPLATESTRUCTURE_ID,MANDATORY,DISPLAY_ORDER,TEMPLATE_ID,PARENT_ID,TEMPLATEELEMENT_ID) values (186,0,1,null,93,15);
Insert into TENJIN_TEMPLATESTRUCTURE (TEMPLATESTRUCTURE_ID,MANDATORY,DISPLAY_ORDER,TEMPLATE_ID,PARENT_ID,TEMPLATEELEMENT_ID) values (187,0,4,null,94,2);
Insert into TENJIN_TEMPLATESTRUCTURE (TEMPLATESTRUCTURE_ID,MANDATORY,DISPLAY_ORDER,TEMPLATE_ID,PARENT_ID,TEMPLATEELEMENT_ID) values (188,0,3,null,94,3);
Insert into TENJIN_TEMPLATESTRUCTURE (TEMPLATESTRUCTURE_ID,MANDATORY,DISPLAY_ORDER,TEMPLATE_ID,PARENT_ID,TEMPLATEELEMENT_ID) values (189,0,2,null,94,4);
Insert into TENJIN_TEMPLATESTRUCTURE (TEMPLATESTRUCTURE_ID,MANDATORY,DISPLAY_ORDER,TEMPLATE_ID,PARENT_ID,TEMPLATEELEMENT_ID) values (190,0,1,null,94,5);
Insert into TENJIN_TEMPLATESTRUCTURE (TEMPLATESTRUCTURE_ID,MANDATORY,DISPLAY_ORDER,TEMPLATE_ID,PARENT_ID,TEMPLATEELEMENT_ID) values (191,0,0,null,94,15);
Insert into TENJIN_TEMPLATESTRUCTURE (TEMPLATESTRUCTURE_ID,MANDATORY,DISPLAY_ORDER,TEMPLATE_ID,PARENT_ID,TEMPLATEELEMENT_ID) values (192,0,4,null,95,2);
Insert into TENJIN_TEMPLATESTRUCTURE (TEMPLATESTRUCTURE_ID,MANDATORY,DISPLAY_ORDER,TEMPLATE_ID,PARENT_ID,TEMPLATEELEMENT_ID) values (193,0,3,null,95,3);
Insert into TENJIN_TEMPLATESTRUCTURE (TEMPLATESTRUCTURE_ID,MANDATORY,DISPLAY_ORDER,TEMPLATE_ID,PARENT_ID,TEMPLATEELEMENT_ID) values (194,0,2,null,95,4);
Insert into TENJIN_TEMPLATESTRUCTURE (TEMPLATESTRUCTURE_ID,MANDATORY,DISPLAY_ORDER,TEMPLATE_ID,PARENT_ID,TEMPLATEELEMENT_ID) values (195,0,0,null,95,5);
Insert into TENJIN_TEMPLATESTRUCTURE (TEMPLATESTRUCTURE_ID,MANDATORY,DISPLAY_ORDER,TEMPLATE_ID,PARENT_ID,TEMPLATEELEMENT_ID) values (196,0,1,null,95,15);
Insert into TENJIN_TEMPLATESTRUCTURE (TEMPLATESTRUCTURE_ID,MANDATORY,DISPLAY_ORDER,TEMPLATE_ID,PARENT_ID,TEMPLATEELEMENT_ID) values (197,0,3,null,96,2);
Insert into TENJIN_TEMPLATESTRUCTURE (TEMPLATESTRUCTURE_ID,MANDATORY,DISPLAY_ORDER,TEMPLATE_ID,PARENT_ID,TEMPLATEELEMENT_ID) values (198,0,2,null,96,3);
Insert into TENJIN_TEMPLATESTRUCTURE (TEMPLATESTRUCTURE_ID,MANDATORY,DISPLAY_ORDER,TEMPLATE_ID,PARENT_ID,TEMPLATEELEMENT_ID) values (199,0,1,null,96,4);
Insert into TENJIN_TEMPLATESTRUCTURE (TEMPLATESTRUCTURE_ID,MANDATORY,DISPLAY_ORDER,TEMPLATE_ID,PARENT_ID,TEMPLATEELEMENT_ID) values (200,0,0,null,96,5);
Insert into TENJIN_TEMPLATESTRUCTURE (TEMPLATESTRUCTURE_ID,MANDATORY,DISPLAY_ORDER,TEMPLATE_ID,PARENT_ID,TEMPLATEELEMENT_ID) values (201,0,4,null,96,15);
Insert into TENJIN_TEMPLATESTRUCTURE (TEMPLATESTRUCTURE_ID,MANDATORY,DISPLAY_ORDER,TEMPLATE_ID,PARENT_ID,TEMPLATEELEMENT_ID) values (202,0,0,null,103,2);
Insert into TENJIN_TEMPLATESTRUCTURE (TEMPLATESTRUCTURE_ID,MANDATORY,DISPLAY_ORDER,TEMPLATE_ID,PARENT_ID,TEMPLATEELEMENT_ID) values (203,0,1,null,103,3);
Insert into TENJIN_TEMPLATESTRUCTURE (TEMPLATESTRUCTURE_ID,MANDATORY,DISPLAY_ORDER,TEMPLATE_ID,PARENT_ID,TEMPLATEELEMENT_ID) values (204,0,2,null,103,4);
Insert into TENJIN_TEMPLATESTRUCTURE (TEMPLATESTRUCTURE_ID,MANDATORY,DISPLAY_ORDER,TEMPLATE_ID,PARENT_ID,TEMPLATEELEMENT_ID) values (205,0,3,null,103,5);
Insert into TENJIN_TEMPLATESTRUCTURE (TEMPLATESTRUCTURE_ID,MANDATORY,DISPLAY_ORDER,TEMPLATE_ID,PARENT_ID,TEMPLATEELEMENT_ID) values (206,0,4,null,103,15);
Insert into TENJIN_TEMPLATESTRUCTURE (TEMPLATESTRUCTURE_ID,MANDATORY,DISPLAY_ORDER,TEMPLATE_ID,PARENT_ID,TEMPLATEELEMENT_ID) values (207,0,0,null,98,2);
Insert into TENJIN_TEMPLATESTRUCTURE (TEMPLATESTRUCTURE_ID,MANDATORY,DISPLAY_ORDER,TEMPLATE_ID,PARENT_ID,TEMPLATEELEMENT_ID) values (208,0,1,null,98,3);
Insert into TENJIN_TEMPLATESTRUCTURE (TEMPLATESTRUCTURE_ID,MANDATORY,DISPLAY_ORDER,TEMPLATE_ID,PARENT_ID,TEMPLATEELEMENT_ID) values (209,0,2,null,98,4);
Insert into TENJIN_TEMPLATESTRUCTURE (TEMPLATESTRUCTURE_ID,MANDATORY,DISPLAY_ORDER,TEMPLATE_ID,PARENT_ID,TEMPLATEELEMENT_ID) values (210,0,3,null,98,5);
Insert into TENJIN_TEMPLATESTRUCTURE (TEMPLATESTRUCTURE_ID,MANDATORY,DISPLAY_ORDER,TEMPLATE_ID,PARENT_ID,TEMPLATEELEMENT_ID) values (211,0,4,null,98,15);
Insert into TENJIN_TEMPLATESTRUCTURE (TEMPLATESTRUCTURE_ID,MANDATORY,DISPLAY_ORDER,TEMPLATE_ID,PARENT_ID,TEMPLATEELEMENT_ID) values (212,0,0,null,99,2);
Insert into TENJIN_TEMPLATESTRUCTURE (TEMPLATESTRUCTURE_ID,MANDATORY,DISPLAY_ORDER,TEMPLATE_ID,PARENT_ID,TEMPLATEELEMENT_ID) values (213,0,1,null,99,3);
Insert into TENJIN_TEMPLATESTRUCTURE (TEMPLATESTRUCTURE_ID,MANDATORY,DISPLAY_ORDER,TEMPLATE_ID,PARENT_ID,TEMPLATEELEMENT_ID) values (214,0,2,null,99,4);
Insert into TENJIN_TEMPLATESTRUCTURE (TEMPLATESTRUCTURE_ID,MANDATORY,DISPLAY_ORDER,TEMPLATE_ID,PARENT_ID,TEMPLATEELEMENT_ID) values (215,0,3,null,99,5);
Insert into TENJIN_TEMPLATESTRUCTURE (TEMPLATESTRUCTURE_ID,MANDATORY,DISPLAY_ORDER,TEMPLATE_ID,PARENT_ID,TEMPLATEELEMENT_ID) values (216,0,4,null,99,15);
Insert into TENJIN_TEMPLATESTRUCTURE (TEMPLATESTRUCTURE_ID,MANDATORY,DISPLAY_ORDER,TEMPLATE_ID,PARENT_ID,TEMPLATEELEMENT_ID) values (217,0,0,null,100,2);
Insert into TENJIN_TEMPLATESTRUCTURE (TEMPLATESTRUCTURE_ID,MANDATORY,DISPLAY_ORDER,TEMPLATE_ID,PARENT_ID,TEMPLATEELEMENT_ID) values (218,0,1,null,100,3);
Insert into TENJIN_TEMPLATESTRUCTURE (TEMPLATESTRUCTURE_ID,MANDATORY,DISPLAY_ORDER,TEMPLATE_ID,PARENT_ID,TEMPLATEELEMENT_ID) values (219,0,2,null,100,4);
Insert into TENJIN_TEMPLATESTRUCTURE (TEMPLATESTRUCTURE_ID,MANDATORY,DISPLAY_ORDER,TEMPLATE_ID,PARENT_ID,TEMPLATEELEMENT_ID) values (220,0,3,null,100,5);
Insert into TENJIN_TEMPLATESTRUCTURE (TEMPLATESTRUCTURE_ID,MANDATORY,DISPLAY_ORDER,TEMPLATE_ID,PARENT_ID,TEMPLATEELEMENT_ID) values (221,0,4,null,100,15);
Insert into TENJIN_TEMPLATESTRUCTURE (TEMPLATESTRUCTURE_ID,MANDATORY,DISPLAY_ORDER,TEMPLATE_ID,PARENT_ID,TEMPLATEELEMENT_ID) values (222,0,0,null,101,2);
Insert into TENJIN_TEMPLATESTRUCTURE (TEMPLATESTRUCTURE_ID,MANDATORY,DISPLAY_ORDER,TEMPLATE_ID,PARENT_ID,TEMPLATEELEMENT_ID) values (223,0,1,null,101,3);
Insert into TENJIN_TEMPLATESTRUCTURE (TEMPLATESTRUCTURE_ID,MANDATORY,DISPLAY_ORDER,TEMPLATE_ID,PARENT_ID,TEMPLATEELEMENT_ID) values (224,0,2,null,101,4);
Insert into TENJIN_TEMPLATESTRUCTURE (TEMPLATESTRUCTURE_ID,MANDATORY,DISPLAY_ORDER,TEMPLATE_ID,PARENT_ID,TEMPLATEELEMENT_ID) values (225,0,3,null,101,5);
Insert into TENJIN_TEMPLATESTRUCTURE (TEMPLATESTRUCTURE_ID,MANDATORY,DISPLAY_ORDER,TEMPLATE_ID,PARENT_ID,TEMPLATEELEMENT_ID) values (226,0,4,null,101,15);
Insert into TENJIN_TEMPLATESTRUCTURE (TEMPLATESTRUCTURE_ID,MANDATORY,DISPLAY_ORDER,TEMPLATE_ID,PARENT_ID,TEMPLATEELEMENT_ID) values (227,0,0,null,102,2);
Insert into TENJIN_TEMPLATESTRUCTURE (TEMPLATESTRUCTURE_ID,MANDATORY,DISPLAY_ORDER,TEMPLATE_ID,PARENT_ID,TEMPLATEELEMENT_ID) values (228,0,1,null,102,3);
Insert into TENJIN_TEMPLATESTRUCTURE (TEMPLATESTRUCTURE_ID,MANDATORY,DISPLAY_ORDER,TEMPLATE_ID,PARENT_ID,TEMPLATEELEMENT_ID) values (229,0,2,null,102,4);
Insert into TENJIN_TEMPLATESTRUCTURE (TEMPLATESTRUCTURE_ID,MANDATORY,DISPLAY_ORDER,TEMPLATE_ID,PARENT_ID,TEMPLATEELEMENT_ID) values (230,0,3,null,102,5);
Insert into TENJIN_TEMPLATESTRUCTURE (TEMPLATESTRUCTURE_ID,MANDATORY,DISPLAY_ORDER,TEMPLATE_ID,PARENT_ID,TEMPLATEELEMENT_ID) values (231,0,4,null,102,15);
Insert into TENJIN_TEMPLATESTRUCTURE (TEMPLATESTRUCTURE_ID,MANDATORY,DISPLAY_ORDER,TEMPLATE_ID,PARENT_ID,TEMPLATEELEMENT_ID) values (232,0,0,null,109,2);
Insert into TENJIN_TEMPLATESTRUCTURE (TEMPLATESTRUCTURE_ID,MANDATORY,DISPLAY_ORDER,TEMPLATE_ID,PARENT_ID,TEMPLATEELEMENT_ID) values (233,0,1,null,109,3);
Insert into TENJIN_TEMPLATESTRUCTURE (TEMPLATESTRUCTURE_ID,MANDATORY,DISPLAY_ORDER,TEMPLATE_ID,PARENT_ID,TEMPLATEELEMENT_ID) values (234,0,2,null,109,4);
Insert into TENJIN_TEMPLATESTRUCTURE (TEMPLATESTRUCTURE_ID,MANDATORY,DISPLAY_ORDER,TEMPLATE_ID,PARENT_ID,TEMPLATEELEMENT_ID) values (235,0,3,null,109,5);
Insert into TENJIN_TEMPLATESTRUCTURE (TEMPLATESTRUCTURE_ID,MANDATORY,DISPLAY_ORDER,TEMPLATE_ID,PARENT_ID,TEMPLATEELEMENT_ID) values (236,0,4,null,109,15);
Insert into TENJIN_TEMPLATESTRUCTURE (TEMPLATESTRUCTURE_ID,MANDATORY,DISPLAY_ORDER,TEMPLATE_ID,PARENT_ID,TEMPLATEELEMENT_ID) values (237,0,0,null,104,2);
Insert into TENJIN_TEMPLATESTRUCTURE (TEMPLATESTRUCTURE_ID,MANDATORY,DISPLAY_ORDER,TEMPLATE_ID,PARENT_ID,TEMPLATEELEMENT_ID) values (238,0,1,null,104,3);
Insert into TENJIN_TEMPLATESTRUCTURE (TEMPLATESTRUCTURE_ID,MANDATORY,DISPLAY_ORDER,TEMPLATE_ID,PARENT_ID,TEMPLATEELEMENT_ID) values (239,0,2,null,104,4);
Insert into TENJIN_TEMPLATESTRUCTURE (TEMPLATESTRUCTURE_ID,MANDATORY,DISPLAY_ORDER,TEMPLATE_ID,PARENT_ID,TEMPLATEELEMENT_ID) values (240,0,3,null,104,5);
Insert into TENJIN_TEMPLATESTRUCTURE (TEMPLATESTRUCTURE_ID,MANDATORY,DISPLAY_ORDER,TEMPLATE_ID,PARENT_ID,TEMPLATEELEMENT_ID) values (241,0,4,null,104,15);
Insert into TENJIN_TEMPLATESTRUCTURE (TEMPLATESTRUCTURE_ID,MANDATORY,DISPLAY_ORDER,TEMPLATE_ID,PARENT_ID,TEMPLATEELEMENT_ID) values (242,0,0,null,105,2);
Insert into TENJIN_TEMPLATESTRUCTURE (TEMPLATESTRUCTURE_ID,MANDATORY,DISPLAY_ORDER,TEMPLATE_ID,PARENT_ID,TEMPLATEELEMENT_ID) values (243,0,1,null,105,3);
Insert into TENJIN_TEMPLATESTRUCTURE (TEMPLATESTRUCTURE_ID,MANDATORY,DISPLAY_ORDER,TEMPLATE_ID,PARENT_ID,TEMPLATEELEMENT_ID) values (244,0,2,null,105,4);
Insert into TENJIN_TEMPLATESTRUCTURE (TEMPLATESTRUCTURE_ID,MANDATORY,DISPLAY_ORDER,TEMPLATE_ID,PARENT_ID,TEMPLATEELEMENT_ID) values (245,0,3,null,105,5);
Insert into TENJIN_TEMPLATESTRUCTURE (TEMPLATESTRUCTURE_ID,MANDATORY,DISPLAY_ORDER,TEMPLATE_ID,PARENT_ID,TEMPLATEELEMENT_ID) values (246,0,4,null,105,15);
Insert into TENJIN_TEMPLATESTRUCTURE (TEMPLATESTRUCTURE_ID,MANDATORY,DISPLAY_ORDER,TEMPLATE_ID,PARENT_ID,TEMPLATEELEMENT_ID) values (247,0,0,null,106,2);
Insert into TENJIN_TEMPLATESTRUCTURE (TEMPLATESTRUCTURE_ID,MANDATORY,DISPLAY_ORDER,TEMPLATE_ID,PARENT_ID,TEMPLATEELEMENT_ID) values (248,0,1,null,106,3);
Insert into TENJIN_TEMPLATESTRUCTURE (TEMPLATESTRUCTURE_ID,MANDATORY,DISPLAY_ORDER,TEMPLATE_ID,PARENT_ID,TEMPLATEELEMENT_ID) values (249,0,2,null,106,4);
Insert into TENJIN_TEMPLATESTRUCTURE (TEMPLATESTRUCTURE_ID,MANDATORY,DISPLAY_ORDER,TEMPLATE_ID,PARENT_ID,TEMPLATEELEMENT_ID) values (250,0,3,null,106,5);
Insert into TENJIN_TEMPLATESTRUCTURE (TEMPLATESTRUCTURE_ID,MANDATORY,DISPLAY_ORDER,TEMPLATE_ID,PARENT_ID,TEMPLATEELEMENT_ID) values (251,0,4,null,106,15);
Insert into TENJIN_TEMPLATESTRUCTURE (TEMPLATESTRUCTURE_ID,MANDATORY,DISPLAY_ORDER,TEMPLATE_ID,PARENT_ID,TEMPLATEELEMENT_ID) values (252,0,0,null,107,2);
Insert into TENJIN_TEMPLATESTRUCTURE (TEMPLATESTRUCTURE_ID,MANDATORY,DISPLAY_ORDER,TEMPLATE_ID,PARENT_ID,TEMPLATEELEMENT_ID) values (253,0,1,null,107,3);
Insert into TENJIN_TEMPLATESTRUCTURE (TEMPLATESTRUCTURE_ID,MANDATORY,DISPLAY_ORDER,TEMPLATE_ID,PARENT_ID,TEMPLATEELEMENT_ID) values (254,0,2,null,107,4);
Insert into TENJIN_TEMPLATESTRUCTURE (TEMPLATESTRUCTURE_ID,MANDATORY,DISPLAY_ORDER,TEMPLATE_ID,PARENT_ID,TEMPLATEELEMENT_ID) values (255,0,3,null,107,5);
Insert into TENJIN_TEMPLATESTRUCTURE (TEMPLATESTRUCTURE_ID,MANDATORY,DISPLAY_ORDER,TEMPLATE_ID,PARENT_ID,TEMPLATEELEMENT_ID) values (256,0,4,null,107,15);
Insert into TENJIN_TEMPLATESTRUCTURE (TEMPLATESTRUCTURE_ID,MANDATORY,DISPLAY_ORDER,TEMPLATE_ID,PARENT_ID,TEMPLATEELEMENT_ID) values (257,0,0,null,108,2);
Insert into TENJIN_TEMPLATESTRUCTURE (TEMPLATESTRUCTURE_ID,MANDATORY,DISPLAY_ORDER,TEMPLATE_ID,PARENT_ID,TEMPLATEELEMENT_ID) values (258,0,1,null,108,3);
Insert into TENJIN_TEMPLATESTRUCTURE (TEMPLATESTRUCTURE_ID,MANDATORY,DISPLAY_ORDER,TEMPLATE_ID,PARENT_ID,TEMPLATEELEMENT_ID) values (259,0,2,null,108,4);
Insert into TENJIN_TEMPLATESTRUCTURE (TEMPLATESTRUCTURE_ID,MANDATORY,DISPLAY_ORDER,TEMPLATE_ID,PARENT_ID,TEMPLATEELEMENT_ID) values (260,0,3,null,108,5);
Insert into TENJIN_TEMPLATESTRUCTURE (TEMPLATESTRUCTURE_ID,MANDATORY,DISPLAY_ORDER,TEMPLATE_ID,PARENT_ID,TEMPLATEELEMENT_ID) values (261,0,4,null,108,15);
Insert into TENJIN_TEMPLATESTRUCTURE (TEMPLATESTRUCTURE_ID,MANDATORY,DISPLAY_ORDER,TEMPLATE_ID,PARENT_ID,TEMPLATEELEMENT_ID) values (262,0,0,null,115,2);
Insert into TENJIN_TEMPLATESTRUCTURE (TEMPLATESTRUCTURE_ID,MANDATORY,DISPLAY_ORDER,TEMPLATE_ID,PARENT_ID,TEMPLATEELEMENT_ID) values (263,0,1,null,115,3);
Insert into TENJIN_TEMPLATESTRUCTURE (TEMPLATESTRUCTURE_ID,MANDATORY,DISPLAY_ORDER,TEMPLATE_ID,PARENT_ID,TEMPLATEELEMENT_ID) values (264,0,2,null,115,4);
Insert into TENJIN_TEMPLATESTRUCTURE (TEMPLATESTRUCTURE_ID,MANDATORY,DISPLAY_ORDER,TEMPLATE_ID,PARENT_ID,TEMPLATEELEMENT_ID) values (265,0,3,null,115,5);
Insert into TENJIN_TEMPLATESTRUCTURE (TEMPLATESTRUCTURE_ID,MANDATORY,DISPLAY_ORDER,TEMPLATE_ID,PARENT_ID,TEMPLATEELEMENT_ID) values (266,0,4,null,115,15);
Insert into TENJIN_TEMPLATESTRUCTURE (TEMPLATESTRUCTURE_ID,MANDATORY,DISPLAY_ORDER,TEMPLATE_ID,PARENT_ID,TEMPLATEELEMENT_ID) values (267,0,0,null,110,2);
Insert into TENJIN_TEMPLATESTRUCTURE (TEMPLATESTRUCTURE_ID,MANDATORY,DISPLAY_ORDER,TEMPLATE_ID,PARENT_ID,TEMPLATEELEMENT_ID) values (268,0,1,null,110,3);
Insert into TENJIN_TEMPLATESTRUCTURE (TEMPLATESTRUCTURE_ID,MANDATORY,DISPLAY_ORDER,TEMPLATE_ID,PARENT_ID,TEMPLATEELEMENT_ID) values (269,0,2,null,110,4);
Insert into TENJIN_TEMPLATESTRUCTURE (TEMPLATESTRUCTURE_ID,MANDATORY,DISPLAY_ORDER,TEMPLATE_ID,PARENT_ID,TEMPLATEELEMENT_ID) values (270,0,3,null,110,5);
Insert into TENJIN_TEMPLATESTRUCTURE (TEMPLATESTRUCTURE_ID,MANDATORY,DISPLAY_ORDER,TEMPLATE_ID,PARENT_ID,TEMPLATEELEMENT_ID) values (271,0,4,null,110,15);
Insert into TENJIN_TEMPLATESTRUCTURE (TEMPLATESTRUCTURE_ID,MANDATORY,DISPLAY_ORDER,TEMPLATE_ID,PARENT_ID,TEMPLATEELEMENT_ID) values (272,0,0,null,111,2);
Insert into TENJIN_TEMPLATESTRUCTURE (TEMPLATESTRUCTURE_ID,MANDATORY,DISPLAY_ORDER,TEMPLATE_ID,PARENT_ID,TEMPLATEELEMENT_ID) values (273,0,1,null,111,3);
Insert into TENJIN_TEMPLATESTRUCTURE (TEMPLATESTRUCTURE_ID,MANDATORY,DISPLAY_ORDER,TEMPLATE_ID,PARENT_ID,TEMPLATEELEMENT_ID) values (274,0,2,null,111,4);
Insert into TENJIN_TEMPLATESTRUCTURE (TEMPLATESTRUCTURE_ID,MANDATORY,DISPLAY_ORDER,TEMPLATE_ID,PARENT_ID,TEMPLATEELEMENT_ID) values (275,0,3,null,111,5);
Insert into TENJIN_TEMPLATESTRUCTURE (TEMPLATESTRUCTURE_ID,MANDATORY,DISPLAY_ORDER,TEMPLATE_ID,PARENT_ID,TEMPLATEELEMENT_ID) values (276,0,4,null,111,15);
Insert into TENJIN_TEMPLATESTRUCTURE (TEMPLATESTRUCTURE_ID,MANDATORY,DISPLAY_ORDER,TEMPLATE_ID,PARENT_ID,TEMPLATEELEMENT_ID) values (277,0,0,null,112,2);
Insert into TENJIN_TEMPLATESTRUCTURE (TEMPLATESTRUCTURE_ID,MANDATORY,DISPLAY_ORDER,TEMPLATE_ID,PARENT_ID,TEMPLATEELEMENT_ID) values (278,0,1,null,112,3);
Insert into TENJIN_TEMPLATESTRUCTURE (TEMPLATESTRUCTURE_ID,MANDATORY,DISPLAY_ORDER,TEMPLATE_ID,PARENT_ID,TEMPLATEELEMENT_ID) values (279,0,2,null,112,4);
Insert into TENJIN_TEMPLATESTRUCTURE (TEMPLATESTRUCTURE_ID,MANDATORY,DISPLAY_ORDER,TEMPLATE_ID,PARENT_ID,TEMPLATEELEMENT_ID) values (280,0,3,null,112,5);
Insert into TENJIN_TEMPLATESTRUCTURE (TEMPLATESTRUCTURE_ID,MANDATORY,DISPLAY_ORDER,TEMPLATE_ID,PARENT_ID,TEMPLATEELEMENT_ID) values (281,0,4,null,112,15);
Insert into TENJIN_TEMPLATESTRUCTURE (TEMPLATESTRUCTURE_ID,MANDATORY,DISPLAY_ORDER,TEMPLATE_ID,PARENT_ID,TEMPLATEELEMENT_ID) values (282,0,0,null,113,2);
Insert into TENJIN_TEMPLATESTRUCTURE (TEMPLATESTRUCTURE_ID,MANDATORY,DISPLAY_ORDER,TEMPLATE_ID,PARENT_ID,TEMPLATEELEMENT_ID) values (283,0,1,null,113,3);
Insert into TENJIN_TEMPLATESTRUCTURE (TEMPLATESTRUCTURE_ID,MANDATORY,DISPLAY_ORDER,TEMPLATE_ID,PARENT_ID,TEMPLATEELEMENT_ID) values (284,0,2,null,113,4);
Insert into TENJIN_TEMPLATESTRUCTURE (TEMPLATESTRUCTURE_ID,MANDATORY,DISPLAY_ORDER,TEMPLATE_ID,PARENT_ID,TEMPLATEELEMENT_ID) values (285,0,3,null,113,5);
Insert into TENJIN_TEMPLATESTRUCTURE (TEMPLATESTRUCTURE_ID,MANDATORY,DISPLAY_ORDER,TEMPLATE_ID,PARENT_ID,TEMPLATEELEMENT_ID) values (286,0,4,null,113,15);
Insert into TENJIN_TEMPLATESTRUCTURE (TEMPLATESTRUCTURE_ID,MANDATORY,DISPLAY_ORDER,TEMPLATE_ID,PARENT_ID,TEMPLATEELEMENT_ID) values (287,0,0,null,114,2);
Insert into TENJIN_TEMPLATESTRUCTURE (TEMPLATESTRUCTURE_ID,MANDATORY,DISPLAY_ORDER,TEMPLATE_ID,PARENT_ID,TEMPLATEELEMENT_ID) values (288,0,1,null,114,3);
Insert into TENJIN_TEMPLATESTRUCTURE (TEMPLATESTRUCTURE_ID,MANDATORY,DISPLAY_ORDER,TEMPLATE_ID,PARENT_ID,TEMPLATEELEMENT_ID) values (289,0,2,null,114,4);
Insert into TENJIN_TEMPLATESTRUCTURE (TEMPLATESTRUCTURE_ID,MANDATORY,DISPLAY_ORDER,TEMPLATE_ID,PARENT_ID,TEMPLATEELEMENT_ID) values (290,0,3,null,114,5);
Insert into TENJIN_TEMPLATESTRUCTURE (TEMPLATESTRUCTURE_ID,MANDATORY,DISPLAY_ORDER,TEMPLATE_ID,PARENT_ID,TEMPLATEELEMENT_ID) values (291,0,4,null,114,15);
Insert into TENJIN_TEMPLATESTRUCTURE (TEMPLATESTRUCTURE_ID,MANDATORY,DISPLAY_ORDER,TEMPLATE_ID,PARENT_ID,TEMPLATEELEMENT_ID) values (294,0,0,null,33,2);
Insert into TENJIN_TEMPLATESTRUCTURE (TEMPLATESTRUCTURE_ID,MANDATORY,DISPLAY_ORDER,TEMPLATE_ID,PARENT_ID,TEMPLATEELEMENT_ID) values (295,0,1,null,33,3);
Insert into TENJIN_TEMPLATESTRUCTURE (TEMPLATESTRUCTURE_ID,MANDATORY,DISPLAY_ORDER,TEMPLATE_ID,PARENT_ID,TEMPLATEELEMENT_ID) values (296,0,2,null,33,4);
Insert into TENJIN_TEMPLATESTRUCTURE (TEMPLATESTRUCTURE_ID,MANDATORY,DISPLAY_ORDER,TEMPLATE_ID,PARENT_ID,TEMPLATEELEMENT_ID) values (297,0,3,null,33,8);
Insert into TENJIN_TEMPLATESTRUCTURE (TEMPLATESTRUCTURE_ID,MANDATORY,DISPLAY_ORDER,TEMPLATE_ID,PARENT_ID,TEMPLATEELEMENT_ID) values (298,0,4,null,33,15);
Insert into TENJIN_TEMPLATESTRUCTURE (TEMPLATESTRUCTURE_ID,MANDATORY,DISPLAY_ORDER,TEMPLATE_ID,PARENT_ID,TEMPLATEELEMENT_ID) values (299,0,0,null,34,2);
Insert into TENJIN_TEMPLATESTRUCTURE (TEMPLATESTRUCTURE_ID,MANDATORY,DISPLAY_ORDER,TEMPLATE_ID,PARENT_ID,TEMPLATEELEMENT_ID) values (300,0,1,null,34,3);
Insert into TENJIN_TEMPLATESTRUCTURE (TEMPLATESTRUCTURE_ID,MANDATORY,DISPLAY_ORDER,TEMPLATE_ID,PARENT_ID,TEMPLATEELEMENT_ID) values (301,0,2,null,34,4);
Insert into TENJIN_TEMPLATESTRUCTURE (TEMPLATESTRUCTURE_ID,MANDATORY,DISPLAY_ORDER,TEMPLATE_ID,PARENT_ID,TEMPLATEELEMENT_ID) values (302,0,3,null,34,8);
Insert into TENJIN_TEMPLATESTRUCTURE (TEMPLATESTRUCTURE_ID,MANDATORY,DISPLAY_ORDER,TEMPLATE_ID,PARENT_ID,TEMPLATEELEMENT_ID) values (303,0,4,null,34,15);
